#{"t_start": 1742808990.771348, "env_id": "None"}
r,l,t
-11.003071,48303,7.820541
-14861.03423,163743,34.070914
-10315.922257,79848,46.86702
-12837.800589,141888,69.538493
-10063.184905,97214,85.059392
-10589.641037,92974,99.923944
-8486.507881,76891,112.215573
-8667.501876,74459,124.091014
-5439.810792,49924,132.055346
-4654.710121,48980,139.876028
-1159.306892,10126,141.497089
-1677.722365,20773,144.806128
-2823.841897,26801,149.124335
-5922.28384,75333,161.152965
-1616.325604,18216,164.073758
-7131.06069,66791,174.741347
-4220.111448,58054,183.985488
-2724.361966,26384,188.204757
-2445.54636,29631,192.968053
-707.992244,9025,194.389305
-494.448946,4690,195.128537
-3109.485512,35426,200.836851
-3604.576927,37269,206.777207
-770.5169,8159,208.082085
-1584.028365,12823,210.122503
-825.735376,11078,211.879839
-1029.231072,18287,214.909217
-3196.52082,33488,220.282292
-5175.254027,56792,229.319944
-5084.326505,64491,239.635051
-2929.922904,32456,244.825265
-1273.883704,16793,247.493008
-310.615485,3555,248.069431
-5707.021846,65474,258.523893
-579.334159,10633,260.210269
-592.399611,10497,261.880707
-6008.13581,58487,271.227281
-2239.883337,32265,276.350675
-939.151647,17278,279.139037
-1747.14368,16705,281.797544
-1916.223942,19876,284.983282
-707.010525,8709,286.36322
-7693.256031,82615,299.534891
-1325.531699,20853,302.844696
-6157.964829,70963,314.189873
-1319.725298,15923,316.739811
-136.539093,1595,317.00308
-3996.402598,36187,322.749512
-4815.219019,61888,332.611656
-1171.16639,11064,334.405319
-758.13688,8054,335.691609
-2132.863998,23919,339.488302
-408.795396,4679,340.26576
-500.375076,6126,341.24696
-1564.777942,19000,344.263227
-136.124279,1315,344.485722
-516.412062,5034,345.272136
-1969.3875,28775,349.870138
-1467.383639,15551,352.369003
-862.699999,12444,354.355125
-1720.716389,28127,358.853974
-613.004586,6502,359.892073
-3303.737874,40630,366.377494
-217.227349,4624,367.105146
-394.805484,11847,369.015898
-660.420761,14262,371.292661
-598.217123,7824,372.508349
-1633.671724,21740,375.997097
-238.162446,2024,376.323178
-1617.815843,14513,378.633352
-1129.513754,15488,381.12123
-3066.471875,33686,386.477948
-1254.955304,11841,388.37379
-367.422625,4433,389.076901
-56.004513,1676,389.350474
-1042.569249,14849,391.710686
-296.081994,4464,392.418794
-1379.4498,14016,394.662862
-542.770167,8124,395.962003
-5144.032044,49844,403.911254
-936.793864,12543,405.95752
-2080.115576,43031,412.815876
-1352.41734,15232,415.232208
-967.068387,9477,416.755179
-1333.924274,13608,418.904992
-323.1546,5715,419.823214
-146.377996,1660,420.096188
-1688.884191,21457,423.501266
-1310.359555,15050,425.930265
-890.327685,10672,427.629112
-5119.413692,60058,437.211309
-1437.516424,13449,439.374251
-349.998595,4069,440.023535
-1237.952676,14692,442.362733
-960.795936,15494,444.85224
-1949.02888,31290,449.838358
-1663.544059,24631,453.863383
-637.697621,9702,455.428457
-603.269249,5197,456.237391
-1110.482284,11415,458.087539
-631.490449,10286,459.739956
-1171.393399,13558,461.887346
-1286.102926,11417,463.727788
-924.661746,21664,467.157713
-575.700709,11201,469.107277
-313.136611,3853,469.754019
-91.26753,2288,470.125618
-4285.440915,54417,478.940191
-104.54699,1078,479.09278
-21.861642,1909,479.39961
-813.630878,11752,481.278193
-236.405394,2617,481.682809
-700.574901,8310,483.004479
-156.023218,2404,483.380796
-109.680417,1527,483.635029
-1223.035545,13221,485.716545
-182.934691,2759,486.183512
-35.836986,1135,486.341344
-581.57689,6568,487.421149
-3567.295476,36383,493.188078
-722.500119,10350,494.833285
-2462.856371,37904,500.87343
-742.794544,7500,502.079382
-1447.144649,18710,505.046938
-162.398146,6426,506.060137
-218.787056,4219,506.729956
-279.365105,7183,507.848804
-405.185335,5041,508.674234
-1712.188437,27650,513.081958
-857.771876,8308,514.401725
-751.317889,13714,516.61374
-81.526643,2598,517.015829
-97.409639,1775,517.307323
-91.470988,3893,517.970907
-563.416708,11585,519.840094
-356.527502,4642,520.571664
-305.81755,3495,521.139463
-106.702118,2469,521.525504
-331.591179,4553,522.244506
-1806.173359,21996,525.770538
-1562.885211,22260,529.322755
-5347.881384,70589,540.54241
-859.225283,11812,542.430694
-135.604204,6321,543.43287
-1229.970778,13198,545.545845
-1491.33524,45288,552.752417
-347.901453,5500,553.597785
-5014.71979,61839,563.471755
-616.538795,6977,564.569083
-352.920937,5443,565.44413
-4591.080253,53539,573.957228
-170.076815,1781,574.245127
-2042.336862,20066,577.410031
-352.076959,8536,578.80063
-357.870718,12615,580.801227
-955.868083,11337,582.583551
-1413.505106,24112,586.431671
-596.310992,8804,587.817713
-195.961156,2953,588.311493
-1003.779542,15260,590.720494
-2382.542104,30199,595.538784
-721.659175,26093,599.700134
-736.417437,10651,601.382919
-906.737533,9936,602.96551
-369.759032,11715,604.833069
-448.700357,8866,606.230663
-792.487088,19858,609.403481
-2463.863237,36666,615.195212
-334.95089,9668,616.744234
-37.481923,806,616.89427
-248.176799,2756,617.32027
-379.13934,12252,619.26749
-1108.406441,20621,622.540271
-1170.221476,14556,624.849758
-585.629642,12916,626.887073
-255.024784,2702,627.343863
-258.06378,11222,629.105813
-240.129299,2574,629.502534
-314.548194,5308,630.363961
-1369.980627,28113,634.844155
-1042.994714,11449,636.642167
-462.557532,6472,637.66582
-2688.483893,36603,643.499775
-446.674109,7471,644.702504
-314.365914,7623,645.92157
-122.36911,3172,646.404165
-537.126382,7497,647.609461
-108.456661,2370,647.980683
-163.736408,2926,648.467897
-105.2291,3701,649.022545
-905.328175,10694,650.757941
-566.412293,10372,652.4047
-804.15598,7364,653.561905
-482.433319,6824,654.675212
-50.805235,2434,655.058363
-586.650947,6857,656.13881
-424.179587,9038,657.561267
-82.726933,2108,657.938608
-232.75638,3368,658.451906
-437.908761,6165,659.435697
-1159.52314,33366,664.739708
-1918.300476,23305,668.48908
-121.740318,1361,668.718467
-3598.510976,40275,675.102414
-166.769197,4754,675.837403
-195.033274,2763,676.306532
-3780.744362,53424,684.807794
-1032.229457,19313,687.856319
-166.758733,4540,688.608789
-32.912,1427,688.80923
-1485.400733,15098,691.234042
-987.199527,14055,693.473553
-324.570111,3948,694.06234
-1140.181106,17729,696.975922
-597.001463,11883,698.933885
-740.155914,10587,700.678817
-23.769262,3133,701.206753
-515.952232,13039,703.336476
-2983.386574,28445,707.989196
-118.635942,35254,713.610088
-672.134791,8322,714.942146
-215.705911,2440,715.322098
-509.832196,12086,717.261017
-310.684502,10160,718.882762
-517.973616,8475,720.227882
-508.60951,7014,721.372972
-885.271882,18101,724.267128
-278.148333,5744,725.149071
-746.909459,9062,726.620893
-256.176087,4469,727.325272
-76.362233,1319,727.546949
-32.112364,1755,727.789988
-1294.679417,15206,730.258325
-298.571567,6095,731.230275
-84.011935,1341,731.4564
-13.502494,616,731.543087
-240.783653,3782,732.153868
-217.051423,3943,732.785028
-321.752607,4196,733.454681
-2395.810606,29860,738.206312
-305.098294,5635,739.115162
-876.05971,11951,741.029141
-402.058462,6845,742.105966
-699.123643,8011,743.390227
-398.4617,8553,744.745876
-381.685511,6462,745.767818
-142.690021,1935,746.080652
-552.1255,5489,746.970355
-491.90922,5813,747.903864
-563.426849,7430,749.102499
-806.041336,18743,752.099942
-142.354081,2084,752.432943
-210.026678,2392,752.81065
-80.810286,1870,753.119079
-194.989484,10167,754.74297
-192.907918,4180,755.413062
-36.537567,1972,755.728799
-153.716993,1766,756.016098
-490.609756,5694,756.891392
-159.06651,2343,757.301932
-35.732242,606,757.386918
-310.32105,15891,759.94449
-670.049536,11271,761.724918
-264.864842,4317,762.41097
-90.474531,5925,763.361588
-170.789509,1653,763.631852
-1853.797516,25581,767.68535
-106.598469,1547,767.943641
-444.466958,4758,768.683897
-548.767549,7312,769.879146
-498.86871,9845,771.450975
-95.683887,1545,771.705776
-606.258541,11012,773.453355
-1273.994495,13355,775.568603
-1015.163942,18239,778.507593
-179.705308,2491,778.967455
-75.35015,1894,779.281678
-734.266317,8750,780.677323
-380.221345,5706,781.600211
-78.93197,2345,781.970099
-159.868067,1793,782.260836
-338.237584,10083,783.871386
-119.812446,6077,784.842213
-318.020587,31457,789.926594
-112.950788,1711,790.21151
-978.382791,14216,792.488728
-96.2668,3835,793.109979
-201.901307,6800,794.187981
-468.744451,7397,795.338219
-335.755081,3798,795.954175
-94.951472,3027,796.45731
-434.285738,6338,797.463945
-174.564502,2479,797.852479
-192.943478,7833,799.112451
-784.609177,15663,801.624375
-433.282437,9039,803.051669
-431.415398,6952,804.143446
-279.566232,4646,804.916426
-431.099816,12509,806.909275
-681.330909,9521,808.39944
-44.819691,1651,808.673601
-892.933399,10706,810.367951
-88.695653,2664,810.823435
-181.764596,2129,811.162279
-305.705302,4039,811.811803
-430.764973,5159,812.616741
-192.782221,7203,813.786514
-95.761129,2426,814.16882
-1786.277321,24151,818.032587
-136.64177,4064,818.681631
-355.173244,8656,820.059192
-94.765398,5504,820.952133
-212.612362,5067,821.742065
-834.888492,9793,823.311165
-164.736484,2612,823.715121
-242.409776,3628,824.30475
-337.088595,11858,826.204756
-160.289173,2085,826.538458
-74.007868,8312,827.866226
-360.053109,8077,829.159743
-798.957294,13213,831.247225
-37.235817,771,831.393891
-109.85698,1672,831.626867
-165.332971,1533,831.883313
-217.492852,4023,832.528906
-81.557525,3096,833.043949
-409.68606,8751,834.428981
-631.674127,10171,836.05326
-815.584359,9396,837.524319
-55.614081,2250,837.919914
-133.587,4347,838.608959
-541.371697,9199,840.057004
-169.964471,5007,840.874664
-247.7427,5112,841.669455
-19.164577,2423,842.047622
18.069784,1499,842.300266
23.053274,9392,843.81219
-6.144843,2368,844.183155
-30.493235,1058,844.33151
-119.591704,6825,845.449441
-129.522482,5258,846.26934
-242.849346,4622,846.98876
-56.683978,1541,847.249338
-127.98298,3422,847.807698
-224.474553,6007,848.768321
-1345.376026,16335,851.389089
-611.967186,9837,852.979953
-480.984109,9690,854.497823
-8.486939,733,854.642228
-67.339877,1273,854.819762
-59.202778,2238,855.171321
-157.391965,3340,855.720678
-117.868645,3825,856.336391
-113.939937,1438,856.575719
-65.142166,1488,856.784495
-38.011646,1331,857.013578
-57.340816,1285,857.234508
-345.04645,6095,858.204971
-94.008117,3019,858.66735
-105.874195,6953,859.758682
-26.179228,6916,860.890944
-83.377078,8421,862.226894
-94.873945,5004,863.003238
-215.441754,5479,863.889431
-81.883344,1320,864.112423
-146.259011,1777,864.401457
-36.001377,5726,865.277035
-231.592581,5902,866.223967
-230.63338,2812,866.695494
-77.699685,866,866.817362
-114.628046,1607,867.079305
-16.101852,3685,867.673176
-100.171768,2133,868.012706
-59.436775,903,868.139264
100.181842,6270,869.135314
-40.584959,2625,869.540005
-367.185406,6352,870.588509
9.727321,2309,870.950888
-421.793754,8069,872.236327
-94.561707,2288,872.596722
-345.360121,11724,874.429306
-160.528623,4093,875.085494
-27.090953,2344,875.495668
-76.487752,5085,876.284732
-94.229377,1715,876.564483
-340.540691,7131,877.677036
-87.441339,3063,878.187654
-329.199187,5511,879.074829
-102.970638,2416,879.454308
-333.352682,10063,881.061337
-357.384063,3268,881.558229
0.697991,2627,882.003209
-126.739099,4344,882.691898
49.730653,3669,883.242001
-145.394437,2850,883.721624
-64.575519,1444,883.962699
36.863974,3191,884.448862
-0.67471,1844,884.745195
-73.091431,1586,885.00501
-43.047915,1292,885.182366
-40.093166,943,885.356479
-48.442218,1150,885.514872
-34.824437,1853,885.814992
-177.386189,5001,886.637542
-159.669567,5811,887.571952
-274.494816,4542,888.28945
-142.481785,3888,888.913005
-95.46802,2045,889.241913
-272.248382,4783,889.98786
-110.003119,3381,890.539969
-13.210273,1136,890.697443
-100.403199,1980,891.015236
-165.572617,3459,891.579178
10.073504,532,891.653602
-71.352153,1074,891.842424
-91.957996,1984,892.161288
-190.581129,2506,892.551761
-92.128222,1465,892.796119
-129.334365,3519,893.327268
-25.561018,3994,893.964499
7.668427,766,894.111735
46.347264,3275,894.612129
-106.689163,2366,894.98094
-102.835436,1042,895.170963
-41.460677,6844,896.243774
-148.553128,1559,896.503091
-147.506652,2269,896.857783
66.328976,4344,897.543154
-93.823719,2109,897.876532
-71.061718,721,898.016294
-156.554176,2584,898.418269
-45.465916,829,898.533354
-33.006005,393,898.628761
-107.694508,4791,899.376997
-100.814397,2100,899.710379
-13.546718,685,899.806304
-40.014931,1564,900.065305
-166.488274,4984,900.837301
-102.980886,1667,901.11381
-89.889006,5238,901.96025
-56.280452,3558,902.537657
-145.501161,1577,902.758894
-129.169113,1668,903.035584
-116.355067,3999,903.674453
-68.490697,4330,904.359255
-21.559856,3349,904.903399
-122.613877,3773,905.510598
-62.43705,3208,905.99873
-49.190273,854,906.157299
-61.331409,1633,906.382866
-126.416254,3092,906.897936
-18.186246,3437,907.459171
-37.192195,1934,907.76748
-57.268903,1862,908.025734
-62.755803,2561,908.467882
-64.225525,2309,908.830257
-77.426387,1442,909.070503
-70.741861,1546,909.285621
-95.055985,3711,909.885088
-171.960786,5336,910.747819
-63.02933,11065,912.492898
50.382275,777,912.639207
-0.695097,749,912.744714
-92.961803,1519,912.997118
-53.961394,1135,913.15895
-230.232351,3426,913.717034
-49.616012,1646,913.987272
-61.043785,811,914.10202
-210.377392,4747,914.841506
-59.046217,4078,915.487271
-69.788723,884,915.652531
-178.627757,3005,916.113775
-270.190787,6523,917.142877
-111.992024,2309,917.547845
-161.873811,2041,917.874063
-171.742413,4704,918.611207
-217.004721,3341,919.113347
-117.154153,2883,919.597521
-122.186352,1475,919.842039
-91.006705,3472,920.365511
-136.141783,2983,920.861418
-57.909572,1533,921.114891
-85.342284,3784,921.684293
-179.641565,2493,922.115527
-512.945928,7902,923.336737
-86.993968,1238,923.558377
-164.304173,4978,924.326403
-22.589253,2440,924.752802
-55.761272,5130,925.550384
-174.667731,3419,926.106522
-218.460315,8290,927.421671
-56.38695,1224,927.588863
-123.001069,2502,928.023291
-178.461024,3793,928.633865
-123.748557,1682,928.867931
-16.033705,867,929.029332
-4.192202,611,929.115064
-121.621379,1609,929.377636
-107.209257,3759,929.980359
-341.032511,6345,930.990998
-55.113137,1360,931.176743
-171.937587,2994,931.68127
-26.891537,1868,931.983178
-172.314916,2083,932.313198
43.085737,4935,933.083746
-25.855211,605,933.207878
-213.98086,5016,933.988365
4.457171,1308,934.210054
-83.850265,2048,934.533348
-15.50731,710,934.633488
-117.232579,1693,934.907904
-64.327944,2220,935.256891
-431.458877,10362,936.902647
-94.852537,1785,937.191927
-114.955047,8742,938.57604
-64.959634,8364,939.907824
-31.013359,486,939.971977
-5.429578,5779,940.901355
-132.857477,1790,941.192116
-8.956718,682,941.282344
-5.422535,2773,941.752861
-133.925132,4086,942.402693
-14.163145,1569,942.660382
-42.298839,1422,942.858977
44.816808,1637,943.12967
-145.608091,3499,943.69816
-15.818239,1670,943.970575
-165.003132,1699,944.206003
-111.472092,3094,944.720346
-12.046095,1559,944.9762
-148.354661,4276,945.653258
-33.850017,642,945.743892
-72.924463,1204,945.950095
-42.236451,744,946.05553
-108.365395,2646,946.464206
-59.422356,1113,946.660866
-89.595663,3476,947.222407
-33.918588,940,947.354853
-251.063627,3980,947.99031
-60.205011,763,948.095592
-63.04646,2064,948.425019
-88.923102,1294,948.648829
-49.293902,2720,949.06897
-114.446427,3656,949.660462
-11.475141,439,949.71977
-127.254809,1399,949.95695
-70.366219,1441,950.196287
-35.656081,1075,950.346263
31.329855,2059,950.674845
-117.517798,2148,951.015254
-35.580996,972,951.191273
-361.804189,12706,953.209048
-222.044273,3805,953.820268
-328.926147,4080,954.470407
-123.059994,4863,955.229212
-54.973815,2491,955.611716
-64.153493,1173,955.818289
-29.279687,1689,956.094879
-61.820882,1694,956.370283
-133.253396,2293,956.731241
-70.402877,2596,957.136818
-42.44449,1095,957.328617
-67.427721,894,957.45534
-206.509621,3270,957.989723
-114.543591,1287,958.170435
-270.256516,4222,958.836598
-185.729861,3535,959.410108
-74.178872,2486,959.7987
-49.14426,928,959.969467
-98.625059,6135,960.945007
-136.369912,1934,961.255003
-29.696776,950,961.388692
-122.107032,2043,961.713059
4.972986,1168,961.913802
-161.633005,2656,962.326288
-114.082755,3310,962.868344
-20.318906,3095,963.340607
-97.961505,1227,963.550972
-137.194602,2913,963.997899
-134.09728,2424,964.376268
-81.112405,1327,964.601274
-132.760686,2027,964.926073
-48.543464,599,965.010216
-43.927025,3116,965.525053
-18.807233,2113,965.860822
-92.458522,2785,966.287608
-47.98167,969,966.461874
-115.417713,3070,966.929628
-32.74745,662,967.01886
-31.844028,1125,967.219429
-45.884977,3416,967.773362
-13.228067,1552,967.988064
-66.600145,776,968.138623
-44.360136,1184,968.302133
-82.939496,2290,968.659724
-52.989253,1892,968.966372
-45.287292,1255,969.185418
-53.155626,1447,969.426507
-57.047215,1453,969.626588
-127.721759,2148,969.96767
-51.332649,1415,970.211417
-172.401407,1957,970.525911
-94.715773,2600,970.926979
-88.6993,1194,971.137418
-135.92362,2978,971.591752
16.35835,3637,972.182292
-123.015887,1975,972.507133
-77.253992,1469,972.763236
-17.223632,2522,973.174759
-46.546268,2245,973.532277
-55.489659,3703,974.154719
-91.968706,1227,974.366877
-49.148617,878,974.491191
-67.689115,1475,974.737834
-49.941055,1288,974.916767
-175.861539,2181,975.262462
18.588657,2082,975.595055
-20.492265,691,975.736257
-27.273175,754,975.841896
-50.328514,909,976.008948
-172.375832,3693,976.563478
-9.736879,1808,976.858656
-107.715318,2827,977.339653
-89.706703,1126,977.498025
-290.948642,3290,978.048645
-23.188731,1052,978.193749
-91.057584,1010,978.378457
-111.561486,3537,978.960844
-62.264565,1263,979.140742
-27.656743,1143,979.339702
-52.234729,1615,979.616261
-13.474588,1762,979.862442
-99.874909,1080,980.058423
-68.262799,1651,980.333296
-15.289221,1120,980.491017
-75.207812,1268,980.711998
-34.092677,1785,981.003437
-36.783882,1174,981.167276
-23.416357,411,981.265915
-114.894451,1500,981.478191
-23.398536,1688,981.757708
-102.002507,1673,982.03097
93.064949,5499,982.924459
-77.891643,1240,983.100047
-50.878506,4697,983.876401
-102.08542,1757,984.122026
-81.751813,2641,984.572303
-131.168001,2199,984.917178
-42.195948,715,985.01806
-45.680948,3248,985.552214
-19.305128,614,985.639386
-71.606209,2323,986.00468
-20.746082,1109,986.197981
-66.283385,1508,986.406749
-52.81273,1868,986.709861
-63.075861,1416,986.947687
-30.941087,591,987.030162
-40.418779,659,987.16192
-56.911514,3238,987.65578
-82.19366,1247,987.867941
-92.660901,1536,988.121661
-82.218097,1180,988.288386
-70.829921,1080,988.477923
-56.671173,670,988.572465
-10.994651,1655,988.843348
-99.876078,3729,989.445769
-49.042384,1788,989.691746
-109.190407,1887,989.99791
-104.774862,3633,990.589686
-57.652593,1244,990.803665
-59.064355,846,990.923152
-110.031869,1839,991.220993
-50.36622,2388,991.595659
49.983715,2494,991.984491
-119.317151,1286,992.208161
-46.236396,1159,992.410266
-31.788766,3882,993.031582
-25.361647,712,993.133169
-59.072433,963,993.265745
-14.174214,1021,993.449741
-110.092676,1162,993.609453
-26.475293,3031,994.117856
-22.79299,2528,994.511861
-43.908854,1017,994.693212
-40.550794,1319,994.877615
-80.978935,909,995.043547
-30.446934,1272,995.220553
-74.185878,1321,995.446803
-43.202407,2018,995.769009
-135.444984,1434,996.010476
-161.41392,2889,996.454676
-46.446707,966,996.628357
-23.301836,2526,997.021513
-13.169825,1119,997.177795
-16.200109,563,997.296983
-75.495934,1180,997.463028
-57.355427,926,997.631011
-168.954491,2062,997.960701
-27.382452,962,998.097135
-34.111889,393,998.151018
24.502759,3410,998.708479
-63.846173,1587,998.968328
-131.384345,1919,999.276602
-189.216453,2171,999.628042
-70.206109,1091,999.779641
-104.46656,2624,1000.229092
-157.292164,1814,1000.481014
-168.035953,2400,1000.901127
-68.247859,1521,1001.111244
-111.707492,2478,1001.542138
-53.544811,1630,1001.770071
-3.715165,428,1001.870391
-43.40116,867,1001.993251
-47.226899,858,1002.110207
3.812833,2053,1002.437157
-29.313059,3339,1002.987504
-174.462316,1700,1003.266735
-78.33912,1313,1003.488259
-91.166928,1780,1003.736176
-37.365054,790,1003.890474
-88.324741,1216,1004.059323
-102.359167,1092,1004.253223
-26.176506,2211,1004.602588
-39.947598,2297,1004.963785
-40.613653,1246,1005.177135
-55.450579,862,1005.299527
-97.612295,2169,1005.642607
-148.633832,2556,1006.034175
-38.773898,976,1006.213071
-26.352038,4725,1006.951365
-66.889835,1077,1007.142328
-42.502657,1495,1007.346526
-71.374695,1554,1007.607368
-161.511362,5596,1008.513798
-120.865125,1853,1008.812951
-67.673557,867,1008.933103
-48.800028,2997,1009.429828
-29.948216,905,1009.556093
-24.562814,2288,1009.913226
18.972736,892,1010.078269
-74.486564,1452,1010.27562
13.082392,1097,1010.473346
-138.170393,2057,1010.801753
-106.030046,3526,1011.373542
-48.971,1225,1011.543269
-17.865835,875,1011.707377
-44.991333,3599,1012.290569
-99.786732,1740,1012.53365
-104.570407,1335,1012.762219
0.76236,1508,1013.011494
62.099509,1820,1013.305058
-95.350912,1554,1013.520271
-94.810967,1944,1013.832254
-55.533338,1215,1014.044161
-51.663962,817,1014.156337
-133.309496,2953,1014.650747
-120.177679,1923,1014.959341
-42.839901,816,1015.074728
-32.687364,732,1015.172885
-24.287523,532,1015.291227
-37.1814,1798,1015.583484
-88.506247,1369,1015.773804
-104.89186,1460,1016.019226
-59.904556,1108,1016.211672
-90.987993,1223,1016.38393
-126.010759,1640,1016.654805
-65.69745,982,1016.78846
-110.974515,1229,1017.003753
-58.924384,3332,1017.550207
-72.389947,4267,1018.228402
-87.503118,1195,1018.395115
-52.397203,2112,1018.729827
-2.218215,2429,1019.153184
-109.059208,5396,1019.988263
-80.653499,3279,1020.526304
-60.920465,1085,1020.677284
-91.733606,961,1020.852593
-84.151322,1225,1021.022622
-132.767021,3313,1021.56852
-103.544462,1110,1021.761118
-57.673478,810,1021.874794
-242.006581,3825,1022.487822
51.350984,5343,1023.31272
-271.025839,6819,1024.427724
-86.115876,1220,1024.595669
-203.883103,2695,1025.055114
-125.96872,2138,1025.392532
-58.450144,1205,1025.561252
-100.857529,2066,1025.889483
-108.844142,2772,1026.35605
-66.400726,1700,1026.589863
13.865323,339,1026.680008
13.380818,1965,1026.993486
-73.777988,1313,1027.177968
-49.818912,1483,1027.424013
-83.969591,3235,1027.951549
-27.345511,1781,1028.19657
-46.393309,2219,1028.545253
4.055481,379,1028.643201
-90.198432,2125,1028.979511
-71.128198,1803,1029.272025
-81.503888,3012,1029.737289
-64.433517,966,1029.912026
-31.884357,1700,1030.148403
37.767465,2446,1030.57161
-82.205257,1069,1030.722634
-89.270093,1093,1030.914593
-106.287067,1157,1031.077584
36.129116,1393,1031.312082
-71.907896,1395,1031.544756
-61.498761,3065,1032.013316
-63.212354,2085,1032.344988
-113.131832,1957,1032.658838
-110.82792,1043,1032.84493
-35.220638,816,1032.961238
-202.355681,2073,1033.290829
-6.93582,408,1033.348233
-64.197313,2392,1033.721317
-68.757052,997,1033.900746
-56.585822,1100,1034.053672
-129.406698,1948,1034.366015
-101.297282,1148,1034.56718
-48.497909,1221,1034.73524
-36.291166,812,1034.893251
-104.909698,1277,1035.068383
-36.24707,956,1035.244083
-57.416557,937,1035.372282
-80.226024,1335,1035.60161
-52.562379,1041,1035.785591
-65.801571,983,1035.92494
-80.393358,1028,1036.107597
-92.765172,1320,1036.294955
-49.312754,1100,1036.546997
-48.535119,1569,1036.765454
-163.187078,2131,1037.15056
-60.323283,863,1037.273458
-25.484331,488,1037.342308
-90.530375,1580,1037.603491
32.693962,2357,1037.973691
-159.82012,2728,1038.392215
-35.664485,1411,1038.63291
-13.222564,2505,1039.021001
-47.757634,1146,1039.221649
-59.290369,985,1039.357216
-91.052999,1120,1039.555824
-95.120858,1929,1039.866259
-37.35087,2980,1040.322454
-162.424609,7353,1041.508392
-116.436843,1104,1041.659916
-44.250344,6279,1042.703418
-51.580943,815,1042.819793
-15.889022,892,1042.94258
-97.085824,1268,1043.165398
-37.808538,1857,1043.465102
-35.96703,1952,1043.779271
-13.357739,960,1043.913608
-55.183487,1067,1044.102734
-22.349138,443,1044.165499
-150.184253,1566,1044.42597
-104.012715,1516,1044.676594
-71.498228,2126,1045.013233
-88.163081,1018,1045.157551
-79.64077,1665,1045.430203
-19.415029,681,1045.525719
-68.876636,2467,1045.90544
-58.948742,1409,1046.145939
-51.558721,1509,1046.397436
-132.464822,2183,1046.741434
-100.426066,2223,1047.092151
3.887922,891,1047.212456
-140.756051,1614,1047.482824
-48.849024,1152,1047.681927
-208.261985,3746,1048.285179
-69.66313,821,1048.401657
-17.961781,574,1048.480492
-44.738216,1994,1048.799988
-87.49959,1279,1049.021063
-126.522409,1499,1049.272049
-86.067375,4027,1049.915718
-18.142495,839,1050.03362
-125.892116,2246,1050.387378
-68.560842,977,1050.561027
-52.902127,2745,1050.987339
-10.912064,853,1051.105833
-123.765206,2370,1051.473576
-126.684811,1616,1051.748428
14.470532,1594,1052.01109
-108.190815,1758,1052.297851
-68.467979,1795,1052.588172
-109.232587,1108,1052.742124
-36.223567,1517,1052.995581
-127.254424,3123,1053.511142
-86.792713,2417,1053.887664
-41.493164,2163,1054.231212
-25.949142,1852,1054.530634
-36.043918,963,1054.66672
-180.068037,2336,1055.032131
27.00378,1710,1055.313138
-31.172344,1422,1055.551767
-19.275643,680,1055.647929
-81.778726,1225,1055.860218
-55.499744,1257,1056.033634
-40.160669,1324,1056.264492
-66.154314,1701,1056.540355
-26.535033,887,1056.663875
-23.141296,2140,1057.000942
-117.129423,1844,1057.298907
-64.592423,922,1057.467178
-76.433817,867,1057.589439
-69.157421,1803,1057.88146
-98.715749,2392,1058.255063
-87.206942,1477,1058.49993
-100.217968,1698,1058.77855
-24.880226,1216,1058.947905
-77.275934,1404,1059.18771
-103.823472,2212,1059.536701
3.752901,2635,1059.952031
-44.339475,1182,1060.16013
-37.508164,1174,1060.364474
18.548668,1428,1060.564572
-77.147589,1446,1060.807074
-99.979093,1609,1061.071842
-57.020357,957,1061.206832
-22.215924,2713,1061.662686
-76.888731,2560,1062.060363
-98.922871,1187,1062.224293
-100.880926,1531,1062.478196
-91.566693,1326,1062.701544
-18.248894,1652,1062.97054
-107.98559,2126,1063.306998
-141.803168,2466,1063.694061
-22.077269,2426,1064.074559
-118.657813,1545,1064.330802
-91.836929,3128,1064.808211
-45.840741,2402,1065.180978
-24.38803,868,1065.344095
-137.529148,2538,1065.740923
-177.552794,2492,1066.12711
-75.542217,2120,1066.463787
-70.920084,2544,1066.900637
-160.788484,1602,1067.124215
-63.754743,1423,1067.367402
-3.485499,905,1067.532205
-65.777665,2436,1067.913862
21.147942,1612,1068.13666
-100.558217,1341,1068.368378
-43.939229,841,1068.524646
-27.332175,2304,1068.885893
-127.965139,1842,1069.184909
-145.943541,3738,1069.744046
-2.390002,2756,1070.208501
-76.198381,1232,1070.380187
-149.713546,1462,1070.627091
-98.181342,1748,1070.910961
-56.197578,1474,1071.15597
-35.683881,3453,1071.676402
-71.296108,1907,1071.982795
-48.787017,2309,1072.343939
-64.02571,1179,1072.550756
-262.486089,2268,1072.909355
-43.706951,674,1073.001315
-63.901948,1153,1073.205094
-73.710043,1020,1073.345199
-54.074805,1017,1073.529791
-49.012258,1358,1073.758447
-31.554612,2443,1074.141212
9.136348,1474,1074.386582
-101.627298,2970,1074.843085
-40.779069,993,1074.978831
-69.093737,1129,1075.182803
-77.737955,3584,1075.76464
-75.740618,2347,1076.133197
-49.210602,1167,1076.29229
-110.618372,1561,1076.554515
-24.088149,588,1076.675847
-99.252778,2530,1077.072316
-59.776722,939,1077.204439
-110.061974,1407,1077.441474
-109.224617,1920,1077.750378
-103.916224,1191,1077.914796
21.561258,1136,1078.115946
-58.383889,1558,1078.37349
25.838621,1801,1078.666468
-17.154382,1021,1078.810266
-41.875101,740,1078.909186
-126.076481,1787,1079.20041
-65.917327,807,1079.355083
-58.845717,1598,1079.618182
-117.54425,2368,1079.990798
-127.27312,1350,1080.17845
-64.611803,732,1080.321437
-99.378209,3037,1080.78699
-36.638617,1844,1081.085043
-174.448819,1850,1081.383699
43.837773,1979,1081.698085
-59.345847,1030,1081.837526
-19.396564,1640,1082.109693
-31.735432,1244,1082.323287
-41.146964,2074,1082.65266
-169.995633,1890,1082.957021
1.771297,1160,1083.118176
-130.211052,1379,1083.352424
-198.225394,2459,1083.736452
-130.565499,1260,1083.953745
-70.288562,1955,1084.266291
-134.804054,1833,1084.561768
43.823054,2359,1084.931819
-1.578845,3599,1085.514467
-112.83938,1707,1085.748236
-98.460196,1142,1085.950856
-41.478473,1332,1086.175396
-111.37195,1294,1086.355412
-30.575461,797,1086.506911
-127.61452,1994,1086.826811
-10.360893,2812,1087.261858
28.332011,3112,1087.776398
-105.450351,1630,1088.002939
-131.94161,1859,1088.305338
-21.929438,374,1088.354528
-81.840338,1045,1088.544373
-30.809073,1429,1088.782847
-49.075966,2384,1089.155845
-25.999875,2913,1089.601729
-76.473493,4769,1090.399229
-73.171334,998,1090.539208
-49.821698,3774,1091.146522
-47.710387,1470,1091.391236
-107.437315,1395,1091.586752
-28.160705,1622,1091.855511
-82.041251,1201,1092.063507
-73.495388,1340,1092.250126
-112.830388,1379,1092.48385
-108.774956,2665,1092.894977
-108.426669,1150,1093.096271
-28.543762,493,1093.165546
-100.986265,1640,1093.433382
-38.353487,732,1093.535608
-54.27157,1047,1093.721334
-107.806321,1097,1093.874811
-56.663889,1403,1094.11341
-39.348793,4115,1094.770202
-126.250104,1521,1095.021357
-60.822868,1060,1095.170658
-93.833172,5175,1096.01264
-90.353577,1121,1096.167902
-178.464078,2098,1096.501092
-173.685574,2509,1096.968866
-95.099725,1771,1097.215472
-82.23805,3229,1097.747486
-49.187434,855,1097.863334
-25.224404,1044,1098.052742
-33.676689,1282,1098.272305
-158.361806,4607,1098.995229
-72.068809,999,1099.134077
-132.864659,3209,1099.660553
16.058079,802,1099.771567
16.100363,651,1099.902003
-156.410441,4495,1100.611338
-117.425774,2330,1100.977194
-63.23649,2126,1101.314585
-71.3498,1922,1101.620327
-59.021213,1635,1101.889443
-86.789396,1345,1102.076038
-17.875042,3191,1102.603106
-69.989697,2071,1102.933072
44.03999,2423,1103.312834
-25.655381,2897,1103.796206
-14.000836,1336,1103.983164
-38.356525,1061,1104.171846
-25.963581,510,1104.244122
-24.229963,1430,1104.483744
-89.260118,978,1104.621934
-54.932282,1410,1104.860851
-45.632066,984,1104.999937
-144.940577,2443,1105.378073
-77.969288,767,1105.527931
-43.921383,593,1105.612085
-97.337821,1678,1105.886765
-91.11816,2382,1106.263655
-7.630996,549,1106.338296
-9.595011,504,1106.450029
-28.771699,775,1106.558837
-44.566761,2601,1106.962247
-39.901094,910,1107.12779
-109.280941,1136,1107.286075
34.945847,2028,1107.608259
-109.95941,1886,1107.91288
-47.402093,1698,1108.192993
-19.793024,2992,1108.647772
-136.503487,1690,1108.925953
-144.162164,2051,1109.253148
-86.914592,1698,1109.532617
-215.690182,2544,1109.925538
-106.729323,1372,1110.160261
-61.338253,1369,1110.391725
-95.59768,1576,1110.608268
-59.818335,764,1110.759134
-67.511097,913,1110.887352
-18.552762,4859,1111.683634
-134.601262,1862,1111.986208
-92.625447,1210,1112.157532
-87.976764,2667,1112.56478
-47.659104,922,1112.736935
-24.167221,803,1112.848885
-88.540286,1444,1113.093066
-82.9571,1571,1113.353371
-24.801771,3478,1113.874198
-144.464941,2185,1114.264358
-125.789232,4917,1115.035547
-74.504655,1506,1115.285298
-45.401536,1867,1115.590864
-9.562035,265,1115.628526
-33.424038,3666,1116.229268
-10.444866,2075,1116.560047
-37.019791,596,1116.644186
-47.940336,1166,1116.805931
-140.535635,1249,1117.024257
-118.112319,1267,1117.240797
-117.560829,2160,1117.583682
-15.358304,845,1117.702639
-136.144469,1476,1117.949436
-0.402688,373,1118.002378
-59.798352,1709,1118.281135
-137.504445,1944,1118.592207
-115.248271,2524,1118.984915
-92.313583,1686,1119.26158
-63.642925,1899,1119.56659
-77.285269,2034,1119.895104
-59.26818,884,1120.021018
-44.689039,618,1120.103033
-73.75495,1973,1120.419856
-43.124298,997,1120.603003
-78.31274,2623,1121.009716
-105.02264,1974,1121.326596
-5.891515,828,1121.482122
-119.987395,1612,1121.707082
-94.614181,1709,1121.989642
-10.567153,656,1122.120331
-156.305691,2052,1122.449579
-150.609798,1560,1122.669147
-13.017373,1215,1122.878274
-70.914615,6871,1123.956292
-38.085656,1016,1124.138432
7.354768,445,1124.201652
-20.806848,1233,1124.412873
-20.577337,925,1124.543203
-91.97133,1376,1124.774929
-72.944674,861,1124.89591
-113.44422,1174,1125.098286
-95.966997,2148,1125.440472
-124.077745,1597,1125.703039
-34.826681,1014,1125.845225
-175.786393,3270,1126.380409
-72.378432,967,1126.516904
-42.447156,893,1126.682292
-82.093663,1316,1126.870949
7.168187,541,1126.942585
-36.160246,659,1127.077881
-183.345585,1966,1127.391406
-73.856332,4321,1128.078067
-49.579654,876,1128.200742
-21.95054,417,1128.255844
-136.834849,1649,1128.530779
-181.699654,2877,1129.012322
-121.287648,2014,1129.333215
-76.752649,958,1129.467848
-109.322822,1583,1129.72836
-0.147028,392,1129.783834
-77.176667,1155,1129.984419
-190.103612,1739,1130.225774
-69.420676,1014,1130.414533
-82.566406,1224,1130.624931
57.78426,1859,1130.881461
-13.355371,798,1131.037427
-80.424903,1580,1131.296333
-6.523779,1093,1131.449698
-82.966691,1942,1131.761853
10.148239,2151,1132.102158
-16.411131,371,1132.151921
-101.014057,1566,1132.412712
-15.606291,860,1132.571353
-64.742671,2228,1132.923617
-101.349833,1389,1133.11872
-79.286886,2326,1133.480331
-33.833828,739,1133.626152
-46.231425,1298,1133.805377
-88.893038,2472,1134.233811
-35.304489,1003,1134.376548
-94.893604,1083,1134.565706
-131.970539,3173,1135.050144
-147.305112,1526,1135.302053
-88.425284,1725,1135.582763
40.872427,3664,1136.174057
-70.66334,1114,1136.330427
-178.239334,2217,1136.677903
-66.737602,2421,1137.053085
-74.595093,1390,1137.289532
-89.586724,1754,1137.576097
-56.039937,2149,1137.915661
-51.188702,767,1138.020654
-83.024923,1176,1138.226651
-135.962305,1965,1138.540377
-40.925179,1312,1138.762701
-6.793039,542,1138.839
-48.149879,858,1138.96079
-24.454027,473,1139.024106
-158.547197,1719,1139.307699
-120.090231,1481,1139.556393
-96.211539,2618,1139.963005
-95.747755,1516,1140.216991
-90.739994,2654,1140.62584
-45.109938,1763,1140.915291
27.246516,3084,1141.42581
-16.135388,630,1141.514126
-33.230015,546,1141.589801
-110.297305,1611,1141.856565
-168.951593,2059,1142.183883
-39.020145,826,1142.296271
-38.815059,1068,1142.487658
-70.516751,861,1142.605098
-115.361646,2136,1142.942162
-80.7709,891,1143.110021
-93.912863,1198,1143.275161
-113.188467,1741,1143.561167
-142.061245,1471,1143.808377
-119.06759,1722,1144.089074
-97.708791,2028,1144.414057
-70.108875,1063,1144.561999
-117.586841,1215,1144.775436
-85.779811,1164,1144.977743
-57.843412,1003,1145.118851
-63.2041,1528,1145.372444
-46.667911,3591,1145.953832
60.174713,2877,1146.39848
-16.486693,1620,1146.664949
-145.861797,2202,1147.012995
-55.185491,759,1147.120878
10.83354,1156,1147.322021
-103.054153,998,1147.461736
-99.349297,1370,1147.693564
-121.08366,1264,1147.909234
-60.509617,917,1148.039
-103.447419,2783,1148.467228
-33.911485,2212,1148.814588
-134.115869,2621,1149.263946
-115.530018,1638,1149.490666
-60.09723,1263,1149.710846
-49.876038,1875,1150.015977
-54.580089,1269,1150.233926
-183.273418,2122,1150.571491
-169.259472,2123,1150.909053
-91.032334,2921,1151.358977
-67.00161,1151,1151.559872
-16.017145,782,1151.67054
-30.227981,1489,1151.919416
-69.850592,1182,1152.084264
-35.648266,1274,1152.302835
-10.579636,1063,1152.503892
-67.920992,1341,1152.694696
-170.552723,2615,1153.096675
-29.945386,870,1153.263081
-68.781167,881,1153.385909
-102.082497,2169,1153.73028
-112.568073,3009,1154.234112
-185.499128,2309,1154.597969
-115.094118,1352,1154.825888
-144.670996,2736,1155.251262
-21.569969,1347,1155.477529
-145.152146,1762,1155.719882
-30.515771,1537,1155.978464
-160.889688,1680,1156.255384
-126.515388,1451,1156.498896
-26.824509,910,1156.627679
-180.163315,2209,1156.975469
-30.711656,1420,1157.214093
-83.944759,1041,1157.355657
-125.025313,1659,1157.631018
-11.091547,260,1157.6651
-23.265786,1733,1157.949162
-21.277143,2325,1158.311802
-81.217674,1344,1158.542927
-68.545951,1687,1158.818838
-17.867993,484,1158.887462
-132.426084,1477,1159.133981
-79.251979,1690,1159.409488
-129.754856,1782,1159.696353
-28.731395,624,1159.78507
-54.613332,1339,1159.968286
-134.671705,2088,1160.341963
-62.288412,1863,1160.600459
-84.244187,1915,1160.907427
-56.021435,879,1161.071739
-67.434067,984,1161.209808
-106.839132,1681,1161.483314
-169.598989,2505,1161.873441
-62.949113,851,1162.03532
-76.817184,4400,1162.730804
-88.627208,1938,1163.042156
-136.923591,1885,1163.344412
-90.780146,2078,1163.674196
-30.837349,1224,1163.844049
-158.777133,1911,1164.152751
-56.503361,1946,1164.465437
-11.038947,1119,1164.661193
-81.638231,2013,1164.981929
-17.46532,894,1165.107424
-89.472873,1485,1165.354104
-48.881488,2907,1165.798756
-91.220563,3674,1166.391624
-32.576641,427,1166.449511
-30.116623,1591,1166.712348
-171.963152,3013,1167.212377
-15.810129,1698,1167.446831
-65.122602,865,1167.611344
-105.407298,1182,1167.773957
-55.50894,593,1167.899216
-169.890868,2427,1168.279107
-42.865942,1098,1168.429925
-61.310515,1096,1168.625448
12.277817,1604,1168.889602
-116.459329,1871,1169.189741
-18.616285,1448,1169.39087
-73.842131,1133,1169.59112
-167.57228,1981,1169.907931
10.183019,1010,1170.047318
-26.402148,990,1170.226935
16.180523,3665,1170.816973
-16.27752,1283,1170.996002
-7.392349,826,1171.150787
-29.491808,831,1171.267722
-57.209929,1209,1171.476134
-34.749555,954,1171.611773
-78.458943,1969,1171.926222
-93.650456,1297,1172.145643
-89.843844,1717,1172.427256
-172.580306,2299,1172.788251
-14.14115,2198,1173.139657
-81.199137,1363,1173.326977
-53.099888,2671,1173.783261
-138.136559,1849,1174.082675
-139.465772,1899,1174.387328
-88.849632,1709,1174.623099
-89.774844,1081,1174.817045
-37.109635,678,1174.911676
-144.64587,2248,1175.263068
-203.651002,3509,1175.837667
-192.508013,2361,1176.208945
-59.493678,1310,1176.431312
-89.118091,1419,1176.666769
-95.837578,1038,1176.813342
-132.004386,1564,1177.069716
-185.719904,2029,1177.394158
-109.622695,1643,1177.663538
-22.059983,795,1177.775095
-44.233998,770,1177.878951
-44.660109,688,1178.019471
-151.86653,1784,1178.308146
24.789247,2348,1178.678037
-200.216958,2075,1179.009446
-67.941205,2086,1179.341789
-150.313067,1852,1179.640889
-91.755136,1643,1179.871942
-81.693714,1993,1180.194652
43.344238,1616,1180.466028
-89.29336,1313,1180.689565
-94.607456,1875,1180.992512
-168.740685,3161,1181.472022
-137.311318,2944,1181.965213
-252.833818,2799,1182.397602
-152.622863,5670,1183.30878
-164.729072,1919,1183.616885
-100.507945,1285,1183.7924
-13.811586,2379,1184.208915
-92.513757,1808,1184.501721
-26.867201,1170,1184.666712
-140.079099,1733,1184.949518
-93.230494,1524,1185.203182
9.406375,735,1185.307258
-139.288666,1534,1185.559633
-128.285627,1913,1185.869375
-127.427194,3338,1186.374113
-16.792268,589,1186.517639
-5.947635,790,1186.62953
-101.87469,3525,1187.20412
-170.753723,1659,1187.475627
-109.340474,1561,1187.69258
-121.33724,1761,1187.981822
-23.58051,561,1188.055593
-13.695229,1054,1188.248653
-43.135193,1608,1188.511418
-13.849225,652,1188.603462
-135.576277,1808,1188.895591
-116.612192,2675,1189.307437
-20.137387,550,1189.422717
-148.278212,1528,1189.635456
-85.326745,4535,1190.343404
-165.455075,1935,1190.655677
-96.130615,1602,1190.921295
-64.824868,958,1191.095348
-110.072226,1446,1191.296615
-41.176713,545,1191.414593
-126.769407,1674,1191.645629
-235.399617,3406,1192.208282
-90.458979,1230,1192.418925
-71.487841,1192,1192.583553
-30.237504,759,1192.729346
-141.208828,2143,1193.070256
-36.336317,1728,1193.349927
-181.809227,2313,1193.7136
-75.042337,1253,1193.888337
-20.886168,811,1194.041692
-199.544954,1969,1194.356604
-124.935374,1954,1194.669551
-52.853756,1251,1194.845979
-18.045053,3354,1195.397828
-7.264377,552,1195.483145
-79.766795,2227,1195.835097
-153.977291,2606,1196.278882
-60.883133,857,1196.399169
-89.85238,2269,1196.756244
-125.84141,1173,1196.960713
-13.079625,1379,1197.153768
-27.270018,592,1197.278069
-69.183813,1503,1197.488714
-7.184158,1628,1197.756689
-171.59186,2058,1198.085638
-116.466492,1181,1198.289035
-91.660251,2088,1198.621524
-41.921963,2485,1199.009713
-54.801623,710,1199.109803
-114.588478,2864,1199.588762
-63.436066,1330,1199.774368
-28.379461,1187,1199.980945
-159.416786,2015,1200.300641
-165.257339,3063,1200.764695
-166.940428,1897,1201.070841
-141.564989,1756,1201.357556
-158.02211,1988,1201.676791
-90.004784,1330,1201.901556
-35.701817,2543,1202.296886
-73.272251,1252,1202.508899
13.222305,1430,1202.709123
-93.38806,1633,1202.980175
-54.419049,992,1203.15833
-7.915559,1042,1203.306571
8.750313,359,1203.355548
-49.545897,2097,1203.687842
-13.294017,295,1203.726588
-116.354998,1811,1204.021093
-385.340458,4647,1204.789653
-32.18615,770,1204.897955
-148.414191,1906,1205.205879
-54.836167,1095,1205.35531
-156.091304,3064,1205.86543
-105.689178,1324,1206.089268
-39.235102,653,1206.181207
-51.64224,1705,1206.460522
-58.697315,2665,1206.874541
2.000866,194,1206.902017
-100.500233,2078,1207.232977
-137.817301,2893,1207.714638
-148.802666,2714,1208.135481
-102.46839,1151,1208.293873
-142.326458,2668,1208.749877
-156.753991,2497,1209.139241
-199.84216,1861,1209.438671
-101.962949,1937,1209.74942
-170.135485,1569,1210.012411
-46.490997,605,1210.09872
-148.601527,2013,1210.420783
11.554256,3069,1210.887376
-76.945255,1468,1211.134736
-0.351833,1226,1211.344596
-156.836597,2500,1211.734218
-101.182758,1002,1211.870965
-157.859416,1594,1212.138358
-154.248765,1548,1212.393476
-54.465334,1040,1212.534532
-69.68806,774,1212.686398
-95.99489,1349,1212.871608
-59.385188,856,1213.035311
-76.490292,1479,1213.281304
-114.126183,3123,1213.759418
-30.678823,1963,1214.073332
-136.195081,3043,1214.575886
-146.920899,3122,1215.053082
-26.797421,707,1215.147118
-132.545297,1974,1215.464802
-55.701873,992,1215.64577
12.517069,1807,1215.937445
-17.043562,557,1216.018491
-225.690137,2466,1216.403607
-78.167452,1260,1216.619961
-87.926765,1387,1216.852898
-150.467251,2342,1217.222444
17.101196,1238,1217.394162
-19.434801,1278,1217.614379
-35.880071,1080,1217.761902
-73.114974,888,1217.929849
-20.397183,2412,1218.308641
-39.358861,4275,1218.984873
-8.511661,1083,1219.177274
-102.378728,1184,1219.342619
-22.67998,449,1219.401873
10.945667,2278,1219.80262
-52.452991,1246,1219.9776
-44.813005,783,1220.124902
-59.351747,1416,1220.324594
-78.36837,1247,1220.538632
-85.604923,1457,1220.780789
-98.595759,1188,1220.947999
-50.507168,1215,1221.156147
-143.844629,1659,1221.426897
-51.058758,1776,1221.671113
-59.888264,3174,1222.197797
-56.332225,771,1222.302664
-53.492449,1110,1222.499392
-17.43842,1065,1222.645659
-21.300227,1506,1222.899016
-72.169004,950,1223.069052
-109.178553,1831,1223.367287
-67.122033,1084,1223.520698
-38.26758,1029,1223.702718
-118.191582,2906,1224.152367
-98.162232,3814,1224.76518
-45.378872,1513,1225.014677
-137.606367,1551,1225.23038
-69.910304,4736,1226.016264
-101.854986,2008,1226.339084
-23.318828,1020,1226.482991
-65.473993,997,1226.662411
-65.145152,920,1226.792109
-89.908152,1164,1226.994156
-66.39616,1097,1227.148783
-41.511453,789,1227.296821
-113.064242,1653,1227.52755
-73.678364,942,1227.701194
-146.315254,1549,1227.957799
-60.232578,1548,1228.174805
-112.528085,1760,1228.464022
-38.71033,1502,1228.71384
-218.751423,3120,1229.185461
-93.890514,2558,1229.62483
-82.786291,1027,1229.768916
-44.333587,1675,1230.042527
-39.327467,1948,1230.356046
-86.482607,1234,1230.569189
-44.275769,1430,1230.769581
-120.541734,2736,1231.234684
-204.304232,2930,1231.686888
-15.37392,4255,1232.361284
-78.558358,1149,1232.561389
-175.067022,5115,1233.358768
-16.450524,631,1233.442416
-75.255015,1274,1233.667112
-133.529551,1544,1233.922944
-136.134748,1278,1234.097685
-119.002694,1237,1234.3168
-2.002799,2947,1234.807573
-74.452982,1324,1234.994237
-81.710595,1357,1235.223056
-16.493752,1421,1235.462175
-125.355013,2653,1235.873436
-90.423981,2114,1236.209078
59.905741,1306,1236.429863
-68.103853,1879,1236.691727
-111.78202,1577,1236.95643
-94.010817,1833,1237.252789
-44.728593,721,1237.350094
22.440146,4246,1238.066325
-153.399789,1467,1238.273642
-60.796819,762,1238.419457
12.391897,1402,1238.616063
-29.782246,1423,1238.855153
-174.047004,2661,1239.266772
49.649501,1513,1239.517964
20.590438,1640,1239.787574
-118.766568,1939,1240.102463
-134.335351,1540,1240.357739
-129.645566,2157,1240.700706
-81.216213,1193,1240.869346
-80.459702,1685,1241.145098
-95.921113,982,1241.279124
-78.566465,924,1241.452253
-179.733227,1727,1241.7347
-80.905379,2330,1242.099949
-66.70031,1213,1242.265597
-262.57675,2845,1242.747937
-72.170023,1267,1242.921505
-49.909701,619,1243.053697
-61.878523,2882,1243.498364
-51.589944,599,1243.577847
-34.298488,545,1243.697683
-124.865585,2043,1244.023681
-113.374621,2148,1244.363292
-145.828263,2539,1244.758203
-82.953863,1194,1244.963549
-63.873297,1134,1245.123841
-116.660839,2153,1245.462511
-110.153234,2457,1245.842589
-40.890588,3105,1246.360209
-86.377001,1082,1246.508222
-16.60801,2761,1246.976976
-23.77507,1095,1247.128758
-48.959246,620,1247.255223
-222.5303,2122,1247.591415
-10.510794,1462,1247.793616
-89.027804,1113,1247.991989
-33.749799,630,1248.079998
-94.424122,1091,1248.273867
-49.072171,1279,1248.450613
2.057496,955,1248.62619
-40.041991,1075,1248.774656
-168.108068,1444,1249.018343
-41.643116,799,1249.167832
-75.808702,2077,1249.498967
-10.881868,892,1249.624561
-14.723479,1066,1249.768994
-87.487493,983,1249.949946
-27.481476,1677,1250.224
-58.870683,1098,1250.37691
-53.101305,1662,1250.650924
-15.262351,792,1250.800747
-160.335614,3012,1251.262144
-140.157006,2148,1251.603311
-49.641168,837,1251.718284
-127.5072,1588,1251.983927
-141.712674,1817,1252.279462
-109.837994,3238,1252.812087
-95.591286,1628,1253.037037
-30.406217,1283,1253.258485
-118.485405,1625,1253.525747
-55.835299,932,1253.654538
-58.761116,1755,1253.942917
-51.261622,1425,1254.183057
-71.625583,3460,1254.745611
-141.40783,2831,1255.183032
-122.426718,1237,1255.397673
-102.925501,1168,1255.562892
-105.885831,10601,1257.24148
-89.225006,1566,1257.501873
-27.510684,1159,1257.702798
13.585915,2714,1258.12176
-112.086193,2039,1258.44637
-224.86954,2527,1258.842204
-94.42974,1060,1259.03118
-97.192475,1562,1259.254906
35.166481,3742,1259.877633
-86.495452,1193,1260.085532
-5.040775,3834,1260.701726
16.837285,1745,1260.987546
-115.181065,4020,1261.62762
-69.840378,1011,1261.770653
-25.662884,2230,1262.122243
-36.997367,1342,1262.350481
-132.750553,2125,1262.689318
-115.174733,1475,1262.934789
-47.516008,1266,1263.112984
-60.673943,4603,1263.831388
-86.490933,1244,1264.049775
-106.558317,1039,1264.232328
5.036736,759,1264.339072
-80.713851,1125,1264.493462
4.831695,650,1264.62868
-72.310423,1259,1264.802997
-81.648179,2102,1265.137296
-23.189786,786,1265.289792
-177.298637,2269,1265.648965
-84.27184,3564,1266.226275
-90.552744,1167,1266.390048
-54.882495,1203,1266.596345
-85.372902,2170,1266.943892
-129.074753,1470,1267.187741
-169.92477,1886,1267.491331
-90.032363,1069,1267.642489
-143.706268,1672,1267.91498
-141.957964,1562,1268.172961
0.922134,884,1268.298083
-47.270536,1717,1268.577052
-112.978476,1823,1268.870839
-82.280943,1252,1269.045163
-112.693588,1681,1269.32336
-10.504805,554,1269.396353
-173.001552,2086,1269.769668
-27.994689,656,1269.862484
-154.261659,2083,1270.197711
-74.652573,1465,1270.442286
-14.504981,2240,1270.803108
-86.6322,1489,1271.012054
-82.474621,1188,1271.219935
-167.105654,1616,1271.484519
-224.421471,2729,1271.906955
-11.761642,2243,1272.260853
-100.767943,1247,1272.476219
-47.632922,961,1272.610589
-79.212636,925,1272.779363
-8.600572,545,1272.856721
-7.540865,844,1272.972402
-101.073199,1193,1273.17955
-108.33335,1360,1273.406954
-61.171428,2210,1273.754723
-33.806651,1766,1274.042702
-23.759311,375,1274.095872
-156.664718,1675,1274.371039
-56.908475,1157,1274.534599
-157.598337,3917,1275.161331
-19.317774,1333,1275.385426
-88.520605,1507,1275.593369
-95.822657,1331,1275.823028
-130.501755,1768,1276.111924
-108.74385,1128,1276.309186
-68.782078,1971,1276.583102
-156.778324,1410,1276.823706
-112.185663,1396,1277.057461
-287.78167,4024,1277.700021
-59.211461,2009,1278.020549
-107.50987,2010,1278.342132
-21.801824,564,1278.422558
-139.851765,1830,1278.717807
-226.424068,2121,1279.055089
-11.989493,1475,1279.300977
-76.937454,939,1279.434436
-82.955058,1567,1279.694039
-30.539378,2797,1280.12358
-63.171723,1851,1280.423189
-84.609404,1198,1280.630201
-79.444541,1613,1280.894524
13.084864,4085,1281.544572
-71.680327,1854,1281.801308
-127.681013,2603,1282.246995
-40.116759,1154,1282.4074
-84.553824,1112,1282.604618
-145.615142,2555,1283.003209
-155.591247,3484,1283.569837
-59.841095,1703,1283.847511
-120.69371,1828,1284.141118
-130.242282,1319,1284.327177
-271.707329,2803,1284.796314
-130.059027,1451,1285.001344
-105.897626,1923,1285.312658
-149.019029,3071,1285.819921
-33.477094,2115,1286.154952
-68.811867,1154,1286.317017
-152.586762,2565,1286.754346
-115.054714,1380,1286.949572
-127.809171,2077,1287.279543
-70.133328,1393,1287.514355
-34.494568,850,1287.632027
-109.301758,2264,1287.98587
-190.990578,3140,1288.504675
-47.412995,1439,1288.744863
-140.051834,1955,1289.058652
-148.431535,2835,1289.495488
-89.678747,1046,1289.636941
-83.986442,1724,1289.921556
-60.224579,2696,1290.381679
-102.077854,2145,1290.719305
-19.932368,808,1290.83366
-9.712839,234,1290.86644
-13.399777,761,1291.010805
-106.670239,1283,1291.191179
-66.066689,1621,1291.458864
-139.927674,1491,1291.70984
-10.038639,349,1291.758983
-198.372951,2405,1292.136036
-66.314616,1523,1292.387179
-80.055615,1110,1292.541364
-62.556677,694,1292.67914
-78.519607,1426,1292.878474
-135.604048,1337,1293.108099
-51.340959,1405,1293.343861
-57.420236,3192,1293.829952
-33.808275,1268,1294.047593
-86.989108,1904,1294.3572
-124.447658,2010,1294.678872
-90.054705,1762,1294.964835
-49.986913,1020,1295.108732
-63.568199,1946,1295.420601
-57.290679,1831,1295.71621
-175.173609,2196,1296.064211
-13.821214,868,1296.222804
-79.486007,1162,1296.387147
-66.036729,862,1296.545637
-49.931712,2261,1296.902671
-52.300664,688,1297.00043
-63.304256,1137,1297.153928
-11.672811,643,1297.287229
-10.010456,1014,1297.427591
-119.361295,1873,1297.731496
-20.959987,3148,1298.254529
-28.856062,2860,1298.695655
-43.409102,824,1298.851039
-85.652111,1076,1299.003735
-145.854165,1410,1299.240848
-69.185791,1074,1299.391745
-27.051776,1151,1299.59275
-92.815115,908,1299.719075
-273.676493,2969,1300.218342
-101.624159,1151,1300.377942
-47.993972,641,1300.507453
-50.064477,824,1300.623765
-66.114402,1251,1300.836799
-51.510026,2255,1301.193409
-155.309883,1716,1301.472221
-78.479072,1487,1301.679212
-5.212775,2754,1302.144694
-47.057229,765,1302.253007
-45.285915,513,1302.324128
-137.44456,2017,1302.648443
-104.07981,1522,1302.901226
-71.750769,1123,1303.100205
-119.825295,1855,1303.358354
-58.625468,2990,1303.859267
-61.189891,3089,1304.327472
-118.518764,3916,1304.95755
-106.067446,1270,1305.175634
-129.866169,1241,1305.388268
-64.477233,1451,1305.593292
-25.960526,1613,1305.857697
-103.937262,2210,1306.207632
-158.003331,1466,1306.455052
-130.944934,1981,1306.783496
-52.544677,1850,1307.093867
5.078511,1430,1307.290845
-41.154586,771,1307.440992
-50.398013,1327,1307.623403
-15.823511,573,1307.74661
-128.084655,1886,1308.051409
-82.026848,970,1308.188532
-134.637808,1430,1308.426602
1.221982,1821,1308.722498
-120.619342,1584,1308.940931
-24.631137,635,1309.073398
-142.085164,1428,1309.269923
-98.709225,1991,1309.589048
-28.130606,1455,1309.837998
-36.004424,2274,1310.195148
-79.841335,1341,1310.42524
-153.598224,1882,1310.73171
-18.832909,1615,1310.9988
-139.538459,1263,1311.17629
-8.590918,328,1311.219301
-30.887401,1018,1311.403617
-34.49361,1314,1311.626981
-55.835815,750,1311.73241
-54.82217,1759,1312.018727
-6.750516,821,1312.13462
-58.793287,694,1312.270245
-109.530565,1702,1312.50883
-74.043439,2495,1312.939074
-61.759012,1008,1313.081652
43.242803,3826,1313.695578
-59.145998,1886,1313.998601
-96.967427,1129,1314.153597
-47.266319,967,1314.331648
9.31399,1735,1314.614665
-65.037458,3363,1315.123913
-139.122108,1414,1315.361748
-89.416141,1104,1315.554621
-120.225378,1963,1315.869041
-133.121966,1545,1316.085322
-112.573671,1205,1316.294787
-159.32933,1667,1316.566989
-57.241469,1241,1316.740993
-168.231603,3301,1317.283506
-72.864407,904,1317.408076
-166.137816,1760,1317.696273
-22.117868,715,1317.834771
-58.073305,947,1317.968303
-25.953317,1106,1318.163147
-152.369937,2314,1318.525642
-140.698582,1402,1318.718643
-9.199682,706,1318.858512
-71.250444,822,1318.973961
-150.154254,1348,1319.203683
-182.646587,1798,1319.493436
-94.455867,2760,1319.918633
-104.266069,1655,1320.190029
-49.195841,2757,1320.617346
-99.985895,1468,1320.862067
-109.666506,1480,1321.108876
-23.583739,780,1321.21954
-10.915587,1382,1321.451677
-19.800308,862,1321.573562
-152.107145,1705,1321.852647
-93.041946,1690,1322.129869
-59.00171,985,1322.267971
-47.488157,981,1322.444684
-34.085884,777,1322.553896
-47.791117,662,1322.643469
-45.031274,1315,1322.871206
-38.075019,797,1322.979054
23.976679,1700,1323.261088
-146.221605,1774,1323.550094
-112.113965,1937,1323.861107
-11.382656,2329,1324.227011
-20.27925,675,1324.358828
-93.790564,1176,1324.524292
-52.502022,1647,1324.793803
-86.598028,1024,1324.934163
-24.646375,471,1325.042671
-74.989265,949,1325.176965
-150.308109,2663,1325.588832
5.232641,1318,1325.816478
-33.041444,1374,1326.048077
-130.213191,1341,1326.234029
-133.481657,1521,1326.491919
-23.139542,527,1326.563048
-84.396538,1287,1326.787949
-17.790775,935,1326.915661
-78.143049,914,1327.086726
-76.285892,1095,1327.23696
-21.90261,3190,1327.765735
-66.879564,887,1327.887871
-39.012965,596,1328.01406
-46.344988,917,1328.143072
-48.021892,2133,1328.479883
-123.479738,1749,1328.764858
-83.707252,1563,1329.02128
-245.273928,2328,1329.38826
6.123402,594,1329.470454
-83.185091,1002,1329.651578
-0.581556,572,1329.732115
-0.520462,2735,1330.152711
-44.73483,1093,1330.352768
23.336514,4119,1331.012748
-121.158185,1672,1331.28473
-130.850388,1626,1331.554222
33.313987,1062,1331.704199
-188.332409,1720,1331.983729
-66.139829,822,1332.098821
-30.13026,804,1332.251222
-106.147927,1338,1332.438207
-134.715462,1527,1332.692624
3.245722,161,1332.71513
-49.630525,1063,1332.900871
-65.859172,856,1333.021346
-115.742544,1373,1333.25255
-43.723979,1138,1333.410369
-75.835958,1931,1333.720105
-16.140027,1727,1334.002682
-56.780409,2518,1334.391937
2.14531,1406,1334.629816
-64.411891,1139,1334.827515
-59.354928,1780,1335.073506
-67.82229,1343,1335.304583
-108.636606,1459,1335.545184
-102.092424,3279,1336.040954
-112.524804,1444,1336.287164
-138.068811,2346,1336.653601
8.862982,545,1336.769057
-83.608935,2646,1337.18012
-44.115799,547,1337.257557
0.968471,591,1337.338084
-56.558547,1226,1337.552448
-88.330125,1339,1337.781388
-19.48675,413,1337.839533
-27.596681,1319,1338.020911
-114.453286,1288,1338.245638
-71.321217,1347,1338.47265
6.608341,1987,1338.791628
-24.435703,734,1338.89511
-130.079556,1493,1339.14218
-114.501635,1418,1339.379316
-80.24529,1800,1339.628498
-139.343115,1517,1339.883755
-39.156826,663,1339.972763
12.23704,900,1340.143951
-108.199859,1254,1340.357542
-42.43632,1167,1340.522597
-30.247694,709,1340.618702
-32.146425,1179,1340.826723
-124.501135,2024,1341.151172
-133.918085,1781,1341.439
-49.964769,1091,1341.588682
-97.05307,1542,1341.845763
79.614345,1855,1342.144374
-47.315764,876,1342.263044
-94.45935,1483,1342.516317
-1.747075,568,1342.591096
-78.198327,1230,1342.806456
-115.88331,1554,1343.062614
-56.072908,1179,1343.224057
-170.970854,1509,1343.478834
-24.868602,1188,1343.683175
-20.872768,3570,1344.221335
-49.035714,1271,1344.442316
-157.795932,1821,1344.736791
-142.640957,1805,1345.027511
-100.1941,1017,1345.168529
-36.70549,1080,1345.361737
-17.73354,1313,1345.583789
-199.988205,3119,1346.062069
-15.021854,445,1346.124053
-85.683591,1884,1346.428243
-74.344772,2003,1346.748105
-72.78293,2807,1347.222771
-95.514509,1202,1347.393569
-11.179252,503,1347.460181
-145.611673,1951,1347.772358
-55.698289,715,1347.912337
-138.376115,1382,1348.104544
-53.232008,1657,1348.37928
-23.944542,430,1348.43674
-108.050798,1190,1348.644635
-138.964997,1537,1348.89769
-50.360606,863,1349.019827
-74.690288,1492,1349.269364
-120.80929,1676,1349.541371
-130.700209,1621,1349.76487
-120.363528,1349,1349.998437
-243.136744,2996,1350.495678
-107.657538,3105,1350.972995
-86.701602,2261,1351.329152
-88.759448,2183,1351.675959
-161.679929,1767,1351.964691
12.379,2384,1352.337277
21.970008,2012,1352.65937
-72.117463,1720,1352.941151
-9.491643,3743,1353.543411
-47.984849,778,1353.650938
-119.053503,2504,1354.082805
-5.653671,942,1354.216089
-5.771847,2456,1354.602129
-48.93947,1894,1354.907791
-99.372679,2415,1355.284423
-150.851717,1766,1355.573689
-104.079627,1327,1355.799393
-3.90092,846,1355.917895
-82.548954,1149,1356.117523
-32.893827,744,1356.223537
-67.43262,1954,1356.535736
-168.615908,1795,1356.827847
-28.377514,757,1356.932496
-114.256506,1268,1357.151879
-32.2292,2241,1357.507079
-32.068235,657,1357.596156
-143.557769,1386,1357.831202
-123.315024,1968,1358.146344
-92.368503,1853,1358.445738
15.583142,744,1358.548658
-101.835608,1048,1358.737504
6.412981,319,1358.783026
-103.621886,1632,1359.049445
-46.798587,1045,1359.19486
-51.986014,1186,1359.402124
-22.458649,1058,1359.548028
-37.905861,1124,1359.747128
-100.94339,1743,1360.03024
-55.035305,1142,1360.190471
-98.275179,1064,1360.383235
-46.420558,1598,1360.645797
-13.891737,349,1360.695386
-49.617655,947,1360.827593
-60.109402,1565,1363.106085
-15.575193,729,1363.202857
-90.11957,3827,1363.820945
-64.123948,1027,1364.00439
5.548616,636,1364.093974
-232.785668,2182,1364.439645
-127.975387,1429,1364.677708
-118.17485,1399,1364.914605
-104.059931,1272,1365.095056
-27.488617,2740,1365.512353
-77.585332,1005,1365.696699
-11.21042,1391,1365.929749
-107.130875,1322,1366.114932
-15.574651,1173,1366.320064
-130.508998,2454,1366.704391
-149.774044,1568,1366.963319
-15.426587,1499,1367.210585
-48.76131,609,1367.296726
-121.213177,2032,1367.622598
-125.504833,1894,1367.927924
-6.824336,1301,1368.107219
-89.470923,1453,1368.352537
-153.432033,1889,1368.657744
-6.825677,474,1368.723055
-147.732536,2535,1369.157315
-120.532976,1450,1369.36106
-66.054083,1275,1369.57797
-215.27753,2553,1369.974021
-124.16441,2748,1370.392058
-66.041585,1167,1370.598393
-97.78323,1661,1370.871045
-109.089877,1908,1371.177881
-79.519949,1301,1371.359821
-12.908504,1394,1371.597061
-10.358878,2112,1371.932752
-70.461545,1027,1372.115834
-43.282768,593,1372.199306
-11.484819,932,1372.328157
-58.768507,1273,1372.550556
-23.471782,480,1372.617827
-98.504626,1162,1372.822355
-86.721648,969,1372.959012
-110.029947,1140,1373.156746
24.514604,326,1373.20324
-191.681551,1900,1373.508317
-73.882365,966,1373.64198
-60.996677,1116,1373.840289
-59.591039,1272,1374.058269
-33.020164,2216,1374.407705
-50.798938,872,1374.53062
-76.50029,2193,1374.877967
-54.223015,1259,1375.093225
5.496615,2405,1375.468478
-178.989527,1829,1375.763638
-38.382884,709,1375.863932
-24.509077,1360,1376.093529
-62.972597,1654,1376.363873
-84.85437,1497,1376.572328
-58.53157,1270,1376.792719
-77.76985,1687,1377.069708
-46.584923,767,1377.177694
-49.744638,1588,1377.438432
-49.677105,763,1377.545053
-102.235947,1492,1377.795734
-258.050835,2629,1378.203788
-96.859258,2091,1378.535292
-52.232595,1129,1378.73359
-164.425456,2610,1379.139741
-70.417835,1415,1379.375506
-165.04026,2360,1379.746893
-120.953631,2436,1380.127794
-75.15172,870,1380.287501
7.996768,787,1380.399072
-49.776141,1570,1380.660727
-68.393793,1361,1380.849604
-45.466981,1823,1381.146499
12.913654,638,1381.277097
-74.539456,1994,1381.594276
-189.340085,1617,1381.820041
-37.033806,1001,1382.001695
-109.940757,1124,1382.155835
-150.264161,1706,1382.4364
-86.249532,1278,1382.654493
-38.984966,1141,1382.811173
-125.41481,1692,1383.090629
-68.604284,882,1383.253977
-75.115647,1130,1383.411697
-20.566248,1019,1383.593938
-71.970344,867,1383.717323
-40.03574,1106,1383.910957
-135.984841,1901,1384.217826
-91.253167,1640,1384.445864
-52.304769,833,1384.606536
-43.025487,1367,1384.83536
-124.945573,1363,1385.029111
-135.996132,1723,1385.311156
-72.317067,1134,1385.511079
31.709408,1156,1385.674792
-64.313121,1011,1385.854184
-84.00375,1109,1386.010202
-85.356099,2324,1386.373786
-11.543725,1102,1386.567788
-95.367498,2005,1386.887899
-48.730245,1499,1387.13663
-75.515961,3177,1387.621473
-107.695785,1408,1387.857875
-33.212285,1056,1388.005031
-62.420718,2152,1388.345715
-86.119201,1573,1388.608148
4.488768,787,1388.755825
-55.077342,768,1388.864539
-21.346154,1736,1389.149405
-135.10779,1520,1389.358304
-143.799578,2082,1389.688385
-67.177241,899,1389.858841
-133.284584,2186,1390.204609
5.517119,922,1390.330664
-57.882641,2390,1390.747144
-112.76631,1471,1390.951102
-79.411762,1824,1391.247763
12.136993,2063,1391.574689
-27.618566,1143,1391.774933
-31.103868,2434,1392.156802
-8.749428,967,1392.29118
-49.30215,1240,1392.509369
-42.668103,911,1392.677999
8.375137,375,1392.731163
-65.113181,1073,1392.882042
-106.023723,1315,1393.103891
-25.988919,1238,1393.273359
-88.012505,985,1393.45308
-40.470202,768,1393.560011
-115.722025,1522,1393.815165
-59.489039,2889,1394.255977
-81.601812,1168,1394.462473
-148.365259,1493,1394.711477
-43.445204,2250,1395.065472
-111.347357,1932,1395.375343
-216.551871,2615,1395.783211
-96.65824,1825,1396.077852
-109.460356,1352,1396.305412
-109.278787,1919,1396.613398
-44.43362,908,1396.741813
-109.410369,1332,1396.968192
-110.564935,1220,1397.138718
-90.606987,1020,1397.321676
-93.573665,1801,1397.613039
-247.284982,2450,1397.995274
-19.361952,576,1398.076556
-37.244395,766,1398.180174
-14.944756,939,1398.35692
-64.07241,1302,1398.576342
0.0473,1591,1398.798319
-5.608546,775,1398.946962
-190.852537,2937,1399.398926
-154.675956,1586,1399.659375
-61.788444,949,1399.790208
-127.241484,1698,1400.07028
-91.264702,1539,1400.325493
-113.468713,1722,1400.603686
-72.698316,1446,1400.844778
-98.495874,1170,1401.009221
-94.522842,1465,1401.252666
-26.490429,1729,1401.533313
-82.037988,1722,1401.814093
-14.889272,457,1401.878912
-143.601842,1637,1402.147333
-315.213572,4072,1402.795102
-95.871743,1035,1402.941622
-70.977622,937,1403.069691
-26.076209,1468,1403.31883
-37.706681,1002,1403.497406
-58.942308,747,1403.603139
-130.97465,1374,1403.834021
-52.563003,1392,1404.025359
-26.807754,571,1404.147872
-100.506846,1091,1404.302264
-152.441802,1569,1404.561312
-75.63967,1473,1404.807123
-195.267372,2481,1405.19518
-84.163109,1607,1405.460592
-8.231433,1024,1405.604908
-11.344874,913,1405.770433
-26.211012,709,1405.870181
-54.873872,988,1406.004306
-164.635931,1589,1406.271465
13.327409,1583,1406.533034
-184.687259,2126,1406.871376
-4.399275,227,1406.903415
-54.538369,2577,1407.302278
-99.285595,1543,1407.562265
-105.675896,1388,1407.79568
-99.662498,1907,1408.101015
1.640079,180,1408.126881
-60.413876,708,1408.226638
-90.374561,1581,1408.488442
22.925845,1035,1408.670439
-124.060123,3803,1409.241589
-21.669177,815,1409.397282
-103.931327,1661,1409.668831
-16.29221,784,1409.779341
-58.516646,1143,1409.976935
-141.325025,1413,1410.176812
-25.701305,763,1410.321704
-74.19897,1521,1410.535252
-98.793352,1641,1410.80687
-121.584351,1375,1411.038296
-148.330063,1720,1411.317178
-221.820103,2573,1411.718954
-153.664405,3307,1412.214921
-76.836725,762,1412.366582
-49.814281,1104,1412.518887
-14.061779,1294,1412.742148
-117.904174,1934,1413.054106
-190.424431,2432,1413.432583
-209.886448,2087,1413.765138
12.570043,1211,1413.97453
-98.501438,1114,1414.128958
-250.03062,2881,1414.612427
-66.46264,909,1414.741362
-157.589633,1996,1415.061831
12.654735,2247,1415.41563
-169.296945,1787,1415.706776
-76.883342,1216,1415.914926
-98.220421,2068,1416.244222
-1.616298,749,1416.35023
-3.686901,1988,1416.670558
-103.604631,1981,1416.985869
-80.222772,1226,1417.196643
-179.024786,1745,1417.439012
-80.845551,1152,1417.64311
14.632492,1055,1417.828144
-121.983429,1277,1418.009134
-51.536031,1462,1418.253234
-63.782566,731,1418.354848
-159.664108,2477,1418.738792
-59.720082,2180,1419.12538
-51.969192,672,1419.21914
-63.617865,876,1419.342094
-77.743058,1769,1419.631578
-81.507108,1124,1419.827891
-28.412154,1190,1419.994526
11.654901,2761,1420.458474
-51.355657,812,1420.574113
-145.574516,2065,1420.903075
-96.525053,1216,1421.112817
-145.440292,1430,1421.31128
-113.169147,2511,1421.741761
-197.79165,2568,1422.143643
-128.070968,1354,1422.331732
-24.935029,2126,1422.667886
-107.333449,1217,1422.883363
-166.691941,1939,1423.194078
-86.022637,957,1423.36591
-59.854114,1555,1423.583799
5.209857,1097,1423.775653
-144.501438,1697,1424.052214
-201.229737,3761,1424.616605
-12.713675,614,1424.746687
-78.26747,1513,1424.997758
-103.021725,1725,1425.236638
30.287323,2095,1425.569654
-132.73004,1252,1425.786303
-80.941678,1319,1426.010757
3.787188,2017,1426.331832
10.659617,1705,1426.569032
-34.227785,1682,1426.847623
-143.782774,2642,1427.297297
-17.157251,751,1427.403273
-289.169234,2946,1427.852283
15.36826,564,1427.971917
-165.701574,2589,1428.376385
-22.401585,2334,1428.753667
-123.980854,1417,1428.996319
26.380393,960,1429.1311
-72.741955,1382,1429.363327
-60.400653,2491,1429.7539
-254.749798,2105,1430.08745
-120.908172,1531,1430.340818
-94.516144,1148,1430.499057
-26.744305,2227,1430.891411
-89.834266,1193,1431.060547
-178.872436,1679,1431.334675
-37.415613,2309,1431.695381
-57.298279,1263,1431.911474
0.516051,652,1432.004015
-47.780307,900,1432.127087
-168.689889,2672,1432.581868
21.445736,1199,1432.748524
-97.942529,1481,1432.997012
-32.414129,1056,1433.183901
-51.269855,1554,1433.39982
-112.643163,1703,1433.679838
-99.788872,1257,1433.893751
-97.654495,1114,1434.052368
-56.136122,824,1434.209166
-121.821527,1741,1434.49257
-170.805355,3532,1435.025937
-292.691202,2750,1435.489282
-64.33297,1840,1435.78582
-263.713128,2817,1436.219327
-146.286001,2661,1436.632262
-53.771435,721,1436.771305
-80.145647,1156,1436.933967
-92.722417,1326,1437.159278
-87.303028,1217,1437.328599
-131.622119,2449,1437.751307
-32.618558,4384,1438.446709
12.906858,1531,1438.659832
-12.782927,683,1438.797227
-46.804768,1954,1439.11032
-238.952353,2170,1439.452523
-14.552677,905,1439.580029
-31.580429,1550,1439.83636
-16.2761,1492,1440.085732
-48.514981,1675,1440.357346
-19.139646,817,1440.473113
-37.212005,667,1440.566977
-40.750619,777,1440.715335
5.550074,2119,1441.050901
-100.302803,1180,1441.217012
-46.122132,1525,1441.470298
-150.825789,1848,1441.768386
-44.327651,804,1441.880756
-8.848244,1191,1442.089339
-38.049966,558,1442.168592
-55.865275,980,1442.347382
-133.782284,1660,1442.576791
42.396346,1501,1442.830096
-7.563989,1664,1443.105017
-218.651942,2042,1443.431475
-28.013909,1883,1443.733876
-63.998411,877,1443.856259
-120.819905,2373,1444.227139
-84.039736,1233,1444.44256
-100.22501,1161,1444.645843
-65.956136,1623,1444.871253
-78.421337,996,1445.053539
-84.607689,1169,1445.213439
-145.637677,1802,1445.507308
-154.827919,2424,1445.929696
-86.565615,2099,1446.263759
12.001419,1334,1446.451734
-9.31342,296,1446.49181
-41.065847,971,1446.669775
-92.612756,1242,1446.840036
-47.81647,740,1446.985789
-80.94211,1279,1447.163676
-131.605365,1976,1447.479302
-87.640824,1169,1447.686836
-140.081044,1539,1447.944562
-38.409212,819,1448.060301
-77.820859,1036,1448.244424
-62.401338,2377,1448.616474
-28.296484,468,1448.68231
-133.267405,1215,1448.891418
-103.344746,1878,1449.194385
-38.82196,770,1449.302227
-40.076882,1229,1449.513059
-156.045062,2862,1449.956101
-43.839019,1060,1450.103315
-132.106203,1599,1450.371225
-225.028076,3081,1450.882459
-33.625203,830,1451.000102
-118.4904,1486,1451.246766
-51.404551,693,1451.344609
-50.484465,782,1451.493016
-179.730401,1953,1451.80463
-0.51993,956,1451.940431
-3.33219,133,1451.959326
-102.912041,1732,1452.241415
-115.051046,1196,1452.407767
-73.616249,1782,1452.70156
40.597757,2459,1453.127184
-53.051863,1151,1453.289093
-126.271318,3000,1453.788267
-49.553492,1744,1454.029875
-63.305373,795,1454.183295
-166.269871,2386,1454.56003
-90.524908,945,1454.689476
-59.962183,973,1454.869164
-21.891855,2496,1455.259622
-36.202584,704,1455.353423
-87.097003,1422,1455.596057
5.030006,1031,1455.778818
-103.460358,1533,1455.990116
40.552691,2299,1456.392148
-22.290539,1223,1456.563879
-167.952297,1669,1456.837978
-99.296741,1493,1457.086352
-247.028364,2845,1457.527794
-77.775217,954,1457.699118
-71.379114,1136,1457.859645
-160.489647,1836,1458.160027
-193.177769,2487,1458.549579
-70.638201,861,1458.70808
34.610461,1105,1458.863799
-137.686658,1501,1459.113354
-34.344561,1063,1459.259361
8.108211,523,1459.373718
-139.24988,3150,1459.855014
-178.292608,1902,1460.161825
-29.73672,681,1460.254103
-30.569184,1037,1460.444402
-45.595927,1446,1460.68694
-93.091619,1517,1460.897865
-69.966049,849,1461.060481
-21.862026,1017,1461.201851
-140.286793,1793,1461.49531
-131.079315,3235,1462.024365
-61.904625,897,1462.150832
-31.701039,830,1462.30785
-50.208531,1417,1462.505479
-57.13154,1059,1462.694531
18.091609,384,1462.749028
-299.493098,3213,1463.280325
-38.395814,680,1463.376525
-29.255789,2104,1463.711007
-127.953415,1328,1463.935907
-62.467773,617,1464.023807
-26.443342,4037,1464.66814
-177.732228,2102,1465.002046
-202.471414,2111,1465.33825
-119.197562,1572,1465.598174
-61.078388,756,1465.704577
-154.908181,1728,1465.986886
-133.42684,1664,1466.26099
-78.919165,1183,1466.426289
-66.674954,1151,1466.627505
-74.95522,1326,1466.852834
-114.010906,1670,1467.087641
-41.507388,770,1467.235976
-47.199909,806,1467.349879
-75.234767,1125,1467.54595
-250.030251,2816,1467.9821
-6.211426,451,1468.045754
-53.239503,1229,1468.257959
-157.748834,1441,1468.498241
-191.278568,2454,1468.883442
-3.782687,781,1468.993831
-29.956346,2066,1469.323955
-128.650292,1986,1469.6434
-54.704848,1198,1469.85083
-229.533501,2689,1470.269985
-10.819726,1301,1470.491352
-18.397011,485,1470.559409
-118.389637,2379,1470.934544
-88.27479,1648,1471.205803
-54.267818,1622,1471.473242
-26.047831,2275,1471.834429
-71.209313,1742,1472.118429
-84.642439,2079,1472.447874
-206.649642,2176,1472.794875
-101.768259,1112,1472.950984
-127.053466,1671,1473.226162
-73.265804,1037,1473.409965
2.580377,1347,1473.600736
-95.07551,990,1473.781793
-46.554538,1316,1473.966227
-85.966266,1949,1474.290809
-37.866627,578,1474.415008
-163.828635,2136,1474.756709
-31.994261,794,1474.869128
-114.328597,1193,1475.075181
-73.405179,958,1475.211883
-107.368931,2431,1475.593571
-206.515386,2296,1475.954431
-92.636242,1847,1476.257174
-64.493872,975,1476.432994
-76.135857,2278,1476.792632
-103.660525,1083,1476.942483
-152.528047,1683,1477.222077
-35.224713,1146,1477.421839
-207.719712,1961,1477.735896
-113.868316,1758,1478.020104
-119.839799,2348,1478.39024
-175.460828,1604,1478.61257
-11.138767,737,1478.757914
-39.052529,1104,1478.909139
-75.576484,2205,1479.255647
-59.344474,1051,1479.44606
-45.866,1523,1479.698435
-49.16705,2137,1480.036373
-35.241782,855,1480.157081
-122.341498,2197,1480.504566
-126.528771,1926,1480.814715
-115.322058,2045,1481.144475
-113.939736,1409,1481.383039
-120.474489,1421,1481.621891
-147.935619,1982,1481.939226
-181.740542,2097,1482.274135
-41.022429,2413,1482.65891
-127.536817,2471,1483.047795
-53.779909,836,1483.162944
-20.56184,2669,1483.618096
-40.028291,1093,1483.77193
-67.755784,1246,1483.986146
-21.137984,887,1484.111317
-65.795891,1826,1484.40796
-71.239848,811,1484.561521
-193.938441,2180,1484.908788
-101.937619,1322,1485.095581
-127.61022,1415,1485.333981
-129.699672,1435,1485.574016
-93.103271,1555,1485.790145
-60.108875,761,1485.939068
-96.852584,1084,1486.090913
-59.225477,1428,1486.330724
-81.529527,1044,1486.474047
-140.424983,2887,1486.962769
-43.77407,1478,1487.208057
-99.465314,994,1487.349635
-59.87035,1571,1487.609993
-112.130637,1091,1487.760843
-25.61468,1304,1487.987568
-107.659633,1269,1488.206213
-9.001371,1671,1488.436866
-104.634861,1141,1488.639998
-76.76711,712,1488.737661
-28.603139,933,1488.913087
-178.148133,1669,1489.185713
-79.29177,2093,1489.521616
-74.700826,1681,1489.797124
-37.960457,1648,1490.030274
-114.786474,1821,1490.327516
40.522245,2093,1490.65938
-30.828585,977,1490.837148
-14.715961,1496,1491.04502
-27.125815,2499,1491.479
-110.804392,1231,1491.652586
-16.310061,2526,1492.043374
-115.087182,1736,1492.328816
-274.025571,2617,1492.774542
-186.278092,5756,1493.660827
-195.88597,1865,1493.962363
-65.575517,1054,1494.15146
-151.573086,1460,1494.396862
-29.531154,894,1494.523381
-38.44424,1012,1494.661258
-64.611252,1122,1494.862385
-6.526418,869,1494.980439
-81.520133,1045,1495.170811
-132.231572,2062,1495.498759
-89.752466,928,1495.625076
-36.3426,1799,1495.920263
-119.177124,1707,1496.201269
-11.957825,827,1496.355012
-169.321006,1564,1496.574397
-119.876119,1470,1496.824072
-36.752635,1063,1497.01223
-27.136678,393,1497.067686
-55.401455,1549,1497.279905
-48.978328,932,1497.454631
-128.108428,1777,1497.742981
29.922211,1185,1497.907746
-133.286769,1340,1498.139446
-91.407452,1399,1498.375878
-44.3997,593,1498.459398
-82.925197,1558,1498.717895
-94.214185,1165,1498.880276
-182.53848,2738,1499.344337
-14.207222,673,1499.439544
-13.874925,1744,1499.722839
-72.203781,1027,1499.864002
-62.107959,1741,1500.149835
-58.74959,1115,1500.345318
-70.330056,993,1500.48551
-87.454833,1058,1500.6735
-162.656887,1612,1500.940109
-104.954488,1254,1501.118967
-89.61369,1188,1501.324454
-100.305211,1663,1501.597074
-40.367041,846,1501.717172
-37.565314,903,1501.841173
-75.564858,1382,1502.079493
-82.852913,1626,1502.346931
-160.141686,1401,1502.582321
22.722026,672,1502.677411
-130.461686,1479,1502.923984
-65.312367,1200,1503.093223
-196.922515,1889,1503.398311
18.015702,1013,1503.578879
-179.525274,2427,1503.95997
-135.309416,2267,1504.318722
-85.794742,1253,1504.53311
-18.8386,1332,1504.722974
-94.893656,1220,1504.934009
-65.231448,1304,1505.115346
-80.579746,1303,1505.342159
-65.926143,3035,1505.844508
-146.090013,1430,1506.046679
-74.326144,1058,1506.235407
-26.587974,1666,1506.508127
-6.245496,563,1506.588388
-160.922544,1707,1506.868104
-51.318814,2041,1507.196272
-58.705511,1301,1507.376965
-48.57218,632,1507.504591
-108.714863,1538,1507.720422
-78.566009,1298,1507.944194
-53.159628,1378,1508.176668
-101.149214,1008,1508.318142
-39.187762,1831,1508.613246
-63.419119,2582,1509.014178
-245.284243,2098,1509.349472
-39.863588,1358,1509.583389
-47.738663,1113,1509.776735
37.500147,1590,1509.998476
-25.378275,926,1510.169854
-26.529497,1985,1510.485837
-219.377058,2930,1510.937897
-97.946303,1338,1511.164332
-13.932948,2138,1511.503172
18.713645,1336,1511.730637
-52.11362,796,1511.843841
-79.880733,1473,1512.089916
-62.523098,1412,1512.287731
-72.958951,1585,1512.559429
-3.833149,378,1512.611532
-33.613539,766,1512.759435
-102.846603,1325,1512.945799
-23.05759,652,1513.079937
-144.885504,1285,1513.260925
-9.117572,1957,1513.575994
-0.863151,661,1513.707416
-55.468025,1259,1513.884851
-106.066469,1892,1514.188968
-21.821838,704,1514.285428
-110.940307,1523,1514.544072
-112.697885,1299,1514.766382
-95.674373,1481,1515.012022
-51.692196,920,1515.142497
-96.34406,1123,1515.294986
-150.565026,2171,1515.682495
-32.905867,747,1515.787876
-73.31444,1945,1516.100368
30.95599,912,1516.227809
-30.511256,1243,1516.442919
-129.546555,1176,1516.604786
-14.157538,1252,1516.826007
-108.764612,3031,1517.328536
-145.137822,1488,1517.535684
-49.556463,1431,1517.777196
-90.306796,1671,1518.050095
-114.551967,1676,1518.324753
-83.563056,1636,1518.549026
-140.075311,1543,1518.877441
-77.537702,1022,1519.06182
-16.373698,365,1519.113656
-120.948518,2279,1519.474008
-76.539059,1177,1519.679059
-232.597396,2447,1520.063946
-202.181188,1927,1520.372881
-61.859744,1261,1520.549966
-46.417271,2015,1520.8722
-119.021016,1451,1521.115831
-30.469179,637,1521.203506
-131.916164,1742,1521.4887
-106.004385,1377,1521.721631
-13.485037,1092,1521.874547
-119.325458,1615,1522.144665
-53.32706,893,1522.307928
-26.333274,726,1522.411306
-139.872105,1395,1522.647972
-56.462528,1319,1522.833851
-108.674146,1011,1523.015856
-51.113339,3875,1523.639513
-40.818596,947,1523.772735
-109.775124,2224,1524.125262
-78.578854,1694,1524.401548
-102.045684,1798,1524.695058
-41.938339,1261,1524.911091
-187.500217,1929,1525.179939
-4.283345,725,1525.324312
-50.740287,1495,1525.573415
-34.868901,659,1525.667219
-173.041892,1952,1525.982401
-37.76781,858,1526.102878
-153.456705,2659,1526.555341
-144.754964,1692,1526.791185
1.378614,682,1526.931183
-51.699016,1312,1527.114366
-97.138663,1341,1527.343364
-229.733807,2334,1527.709456
-145.035124,2593,1528.11275
-75.857063,885,1528.279234
-23.70899,444,1528.341304
-73.779064,936,1528.509903
-1.949331,445,1528.573018
-103.457978,1437,1528.771591
-56.501287,854,1528.936257
-22.748871,1303,1529.115115
-208.210102,2946,1529.612281
-35.938701,1378,1529.842738
-4.799097,660,1529.937921
-51.309191,534,1530.013382
-55.105046,1716,1530.293756
-88.702834,1183,1530.498653
-41.381986,766,1530.606267
-72.282231,987,1530.740155
-18.320378,1218,1530.955482
-63.678685,1049,1531.140443
-89.733719,1147,1531.301454
-48.860211,1728,1531.583502
15.2219,2381,1531.959414
-34.113393,592,1532.039184
-154.49252,1917,1532.348052
-118.276791,1599,1532.614388
-81.945758,1174,1532.816925
24.274234,1646,1533.089549
-158.359275,2052,1533.415433
5.906221,124,1533.433355
-69.404344,889,1533.560003
-146.579124,2083,1533.893088
-133.243513,1583,1534.154009
-182.152748,1700,1534.432597
-280.498255,2665,1534.850218
-92.300963,2927,1535.301777
-25.487719,1098,1535.498664
-79.508661,1061,1535.644064
-114.685251,1245,1535.861475
-184.122097,1933,1536.174655
-31.997112,610,1536.259483
-115.158701,1927,1536.572555
-123.061537,1495,1536.820976
-167.21101,2869,1537.261855
-108.417173,2769,1537.731313
-187.191955,1955,1538.045412
-72.380938,806,1538.159317
21.012228,1018,1538.342137
-74.736836,1215,1538.514551
-52.725813,1372,1538.746058
-125.534696,1804,1539.038439
-23.912108,481,1539.106978
-17.996485,1113,1539.260467
-53.083293,1616,1539.537245
-46.056177,1047,1539.724352
-45.370647,3013,1540.203549
-111.137003,1665,1540.480214
-21.79118,586,1540.561964
40.740583,1312,1540.788063
-113.538193,1728,1541.072311
30.460756,1751,1541.355599
-67.050068,2842,1541.796885
-129.63868,1530,1542.051137
-152.889351,1517,1542.301875
-232.170373,2255,1542.6627
-77.25114,1235,1542.836238
-71.492519,1394,1543.071092
-11.243914,1213,1543.28008
-22.108394,1929,1543.54833
-182.858127,2050,1543.875614
-99.624487,1558,1544.13691
-149.426668,2364,1544.50586
-167.504358,2124,1544.842857
-291.330837,3233,1545.37941
-46.607832,572,1545.459296
-43.935306,1778,1545.751754
-194.631439,1787,1546.042349
-79.511634,1986,1546.364535
-79.470466,1059,1546.550144
-89.130518,948,1546.685675
-44.729504,982,1546.821374
-94.086597,1376,1547.058228
-117.84645,2488,1547.444978
-9.505907,1525,1547.700878
-51.350906,765,1547.805067
-26.627396,1112,1548.002272
-106.638379,1519,1548.255577
-118.582878,1648,1548.524691
-22.401652,571,1548.605234
-92.168981,1372,1548.793625
-249.031152,2359,1549.207097
-84.670157,1883,1549.509174
-20.334165,598,1549.593274
-140.42075,1508,1549.847098
-41.18839,1132,1550.007794
-94.499815,1266,1550.224902
-117.561117,1205,1550.392251
-174.320569,2325,1550.755605
-66.623189,1348,1550.989094
-77.451749,1544,1551.245912
-80.255955,2781,1551.675597
-181.209229,2507,1552.061914
-225.687964,2352,1552.474905
-94.732186,1146,1552.635586
-71.216502,1243,1552.848232
-60.202669,1008,1552.988651
-127.608576,1135,1553.188405
-37.143118,2855,1553.629034
-203.282489,2712,1554.08912
-34.030135,1692,1554.324888
-209.588325,2007,1554.647384
-186.361682,2973,1555.146632
-220.986085,2574,1555.545953
-74.653019,980,1555.720633
-115.960292,1458,1555.925857
-90.535751,2305,1556.285947
-27.083608,3787,1556.897132
-70.78967,1999,1557.219521
-38.487493,916,1557.38771
-138.642181,1267,1557.565355
-71.352447,1876,1557.869824
-142.965485,2576,1558.265731
-88.402663,2314,1558.674011
-142.234398,2329,1559.041506
-68.99586,975,1559.180056
-171.849278,1571,1559.438724
-106.923314,1726,1559.721162
-96.229433,1533,1559.976406
-39.322996,2064,1560.307328
-40.948722,1221,1560.479665
-224.964015,1897,1560.784919
-9.29396,1280,1561.003026
-41.051991,1022,1561.146306
6.928788,811,1561.298355
-60.970498,905,1561.427003
-95.943491,1475,1561.672663
-105.060733,1923,1561.982206
-73.289735,846,1562.101609
-0.62683,2512,1562.492263
-181.649943,2705,1562.95202
-52.354064,993,1563.093135
-133.232017,1746,1563.378213
-97.033986,1221,1563.587855
-246.891685,2745,1564.013959
-73.619861,1567,1564.272913
-10.444022,1482,1564.477592
-72.4467,955,1564.654595
-117.448477,1405,1564.889407
-72.676972,1293,1565.071804
-211.443596,2099,1565.407482
-129.923396,1524,1565.661262
-60.904132,1642,1565.931868
-38.398684,1171,1566.095869
-237.778383,2545,1566.536171
-95.352954,2313,1566.899767
-58.157055,2335,1567.267747
19.678174,1047,1567.413222
-3.015669,270,1567.492091
-23.319291,513,1567.565555
-142.094305,1533,1567.81964
-61.09757,988,1567.960042
-1.897419,1659,1568.232461
-129.215335,1468,1568.477845
-24.70745,1229,1568.652318
-220.532104,2688,1569.065652
-95.459447,2127,1569.404787
-72.024085,1017,1569.590857
-133.548217,1357,1569.81968
-115.29305,2567,1570.221843
-4.384907,470,1570.288187
-225.290055,2226,1570.641675
-47.247016,894,1570.805414
-15.666903,780,1570.915552
-54.448082,863,1571.033359
-79.543312,1017,1571.220306
-52.838616,1112,1571.373533
-31.720696,1178,1571.583209
-157.484265,1540,1571.840052
-149.943355,2221,1572.191455
-127.89097,1870,1572.496569
-63.513511,1268,1572.673524
-88.105071,1700,1572.954568
-102.425192,1413,1573.191728
-99.128268,1593,1573.455608
-159.71683,1690,1573.731775
-14.453915,1136,1573.893084
-135.298096,1465,1574.138733
-31.762553,909,1574.266451
-67.381485,955,1574.441075
-9.293113,914,1574.569527
-34.542758,512,1574.639203
-43.623323,881,1574.807765
-54.622082,1066,1574.955054
5.177075,2142,1575.292113
-26.644108,426,1575.397307
-34.896977,615,1575.484358
-73.146372,1643,1575.754365
-127.30539,2016,1576.078019
-80.4964,876,1576.2024
-53.829828,1829,1576.498765
-88.461804,1359,1576.72781
-77.680874,1091,1576.880221
-152.740164,1988,1577.200357
25.623295,2746,1577.665344
-46.354002,1648,1577.89696
-13.284455,288,1577.935222
-69.766873,1298,1578.163306
-128.118641,2358,1578.532812
8.880523,1071,1578.722241
-79.372762,1069,1578.872563
-101.257463,2104,1579.207277
-72.918906,1952,1579.52274
-89.275573,2216,1579.869533
-26.946106,774,1580.020723
-16.811961,1687,1580.296487
-33.286345,452,1580.360944
-222.611657,2630,1580.76972
-14.401938,301,1580.811272
-176.502171,1879,1581.116108
-80.245513,1520,1581.370378
-62.00934,1564,1581.628986
-109.188489,1902,1581.935781
-98.759891,2392,1582.310961
-158.519054,2407,1582.690549
-107.851631,2167,1583.035513
-105.117861,1279,1583.256397
-37.347585,1936,1583.568858
-116.585523,1230,1583.743499
-56.020495,763,1583.888223
-5.943682,1091,1584.041548
-124.134365,1493,1584.290037
-163.906078,1820,1584.586607
11.406651,951,1584.721393
6.234209,153,1584.742781
-255.498676,3052,1585.249032
-49.127572,1799,1585.541588
68.329924,1215,1585.71236
-11.924038,1952,1586.024953
-219.607619,1948,1586.3385
-141.835784,1531,1586.593459
-74.016899,1220,1586.761537
-51.165326,1653,1587.035898
-111.752818,1169,1587.239615
-153.568015,1541,1587.495553
-64.111139,1455,1587.699464
-108.316749,2622,1588.14777
-37.370512,916,1588.277503
-60.762136,1282,1588.495916
-245.856484,2509,1588.888218
-59.428648,1574,1589.150186
-84.202831,1548,1589.368357
-166.459858,1652,1589.643747
-131.572397,2374,1590.014061
-131.434155,1872,1590.318977
-163.329617,2201,1590.670197
-69.982501,985,1590.849949
-148.345891,1961,1591.16847
-110.911776,1431,1591.366014
-288.689464,4195,1592.079215
-43.333014,2407,1592.457321
-23.841951,2589,1592.860676
-26.283218,1548,1593.118242
-152.915159,2991,1593.578916
-41.952138,797,1593.728796
-135.242519,2404,1594.108339
-86.922805,1005,1594.251012
-170.173558,3354,1594.803355
9.979673,1311,1594.984053
-78.741673,3063,1595.497649
-173.121888,1846,1595.79852
-51.042808,1285,1596.017045
-30.937856,1656,1596.248562
-11.945129,861,1596.410673
-42.902596,1290,1596.590066
-75.352778,2650,1597.046303
-140.774833,1631,1597.272022
-84.483712,1051,1597.461178
-158.313097,1704,1597.741795
-57.781938,840,1597.860032
-120.08253,2122,1598.200413
-26.834154,1501,1598.452295
-63.058474,793,1598.561054
-131.822383,2088,1598.896523
-37.032621,1297,1599.121435
-66.324736,872,6688.310138
